{"entries":[{"name":"init","function":"","children":[{"name":"respuesta","function":"moveOnTag::trueOption","children":[],"text":"¿De que combate habláis poderoso \"dios\"?","response":"Equiparos bien con el armamento que se os a proporcionado en el cofre de la izquierda, habrá un combate más tarde contra un ser maligno que irrumpe la bondad de estas tierras, solo teneís que equiparos y teletransportaros hacía el, ¡Equiparos y acabad con el ser maligno para traer la paz al estas tierras y demostrad que sois capaces de sobrevivir en AdventureLand!"},{"name":"respuesta2","function":"","children":[],"text":"¿Como pretendéis que nos teletransportemos hacía ese \"poderoso y maligno\" ser?","response":"Para teletransportaros a esa criatura del mal, teneís que usar la runa que tengo a mis espaldas, os llevará a un coliseo donde tendréis que derrotarlo, esta runa se creó hace muchos años por los dioses de AdventureLand, equipáros en cuanto antes. Antes de que sea demasiado tarde..."}],"text":"Hola a todos y bienvenidos a AdventureLand, os preguntaréis seguramente: ¿Que hacemos aquí en el cielo? ¿Estamos muertos? La respuesta es no, acabáis de aparecer en un mundo tan díficil que os hemos tenido que llevar nosotros a un lugar seguro, y el cielo es el lugar mas seguro de aquí, en el cofre de mi izquierda tenéis equipamiento suficiente para el gran combate en el que demostraréis si sois lo suficientemente fuertes y poderosos para aventuraros en AdventureLand","response":""}]}