{"stats":{"minecraft:dropped":{"constructionwand:infinity_wand":1},"minecraft:custom":{"minecraft:time_since_rest":128920,"minecraft:waystone_activated":1,"minecraft:crouch_one_cm":5738,"minecraft:sprint_one_cm":39198,"minecraft:play_time":128920,"minecraft:walk_one_cm":128557,"minecraft:sneak_time":2899,"minecraft:walk_under_water_one_cm":6954,"minecraft:mob_kills":1,"minecraft:drop":1,"minecraft:jump":216,"minecraft:use_wand":694,"minecraft:damage_dealt":84,"minecraft:leave_game":6,"minecraft:walk_on_water_one_cm":85,"minecraft:time_since_death":128920,"minecraft:total_world_time":128920,"minecraft:fly_one_cm":434762},"minecraft:picked_up":{"securitycraft:reinforced_smooth_quartz":1},"minecraft:killed":{"minecraft:spider":1},"minecraft:used":{"create:wand_of_symmetry":14,"minecraft:smooth_quartz_stairs":17,"minecraft:quartz_bricks":453,"waystones:waystone":1,"lightingwand:wand":333,"minecraft:quartz_pillar":204,"mtr:glass_fence_plain":8,"framedblocks:framed_inner_corner_slope":2,"iceandfire:dragonbone_sword_fire":1,"minecraft:quartz_slab":66,"biomesoplenty:dead_fence":5,"framedblocks:framed_slope":25,"minecraft:grass_block":2,"constructionwand:infinity_wand":21,"minecraft:quartz_block":2,"minecraft:chiseled_quartz_block":1,"framedblocks:framed_cube":1,"minecraft:smooth_quartz":914,"minecraft:quartz_stairs":348,"minecraft:grass":3}},"DataVersion":2975}