{"stats":{"minecraft:used":{"create:wand_of_symmetry":23,"realismvehicle:bmwm_4":3,"minecraft:quartz_bricks":453,"waystones:waystone":5,"minecraft:netherite_block":831,"ironchest:dirt_chest":1,"minecraft:netherite_sword":3,"minecraft:crying_obsidian":188,"minecraft:lava_bucket":7,"iceandfire:dragonbone_sword_fire":1,"minecraft:quartz_slab":66,"minecraft:quartz_pillar":204,"tortillapops:mayichi_pop":1,"framedblocks:framed_inner_corner_slope":2,"framedblocks:framed_slope":25,"biomesoplenty:dead_fence":5,"minecraft:red_stained_glass":229,"minecraft:grass_block":735,"constructionwand:infinity_wand":23,"minecraft:red_nether_bricks":246,"minecraft:quartz_block":2,"carryon:entity_item":5,"minepop:minepop_obiwan_kenobi":1,"minecraft:chest":3,"securitycraft:reinforced_polished_blackstone_brick_stairs":99,"artifacts:eternal_steak":1,"framedblocks:framed_cube":1,"minecraft:smooth_quartz":915,"minecraft:red_nether_brick_stairs":136,"minecraft:quartz_stairs":348,"minecraft:grass":3,"minecraft:netherrack":26,"minecraft:smooth_quartz_stairs":17,"minecraft:nether_wart_block":7,"lightingwand:wand":333,"minecraft:dirt":55,"ironchest:diamond_chest":1,"ironchest:obsidian_chest":1,"ironchest:copper_chest":1,"mtr:glass_fence_plain":8,"minecraft:nether_bricks":111,"minecraft:chiseled_quartz_block":1,"mcwwindows:nether_brick_gothic":1,"ironchest:crystal_chest":1,"minecraft:obsidian":280},"minecraft:picked_up":{"securitycraft:reinforced_smooth_quartz":1,"minecraft:water_bucket":3,"minecraft:diamond_sword":3,"minecraft:lava_bucket":3,"minecraft:diamond_chestplate":3,"minecraft:wheat_seeds":11,"minecraft:diamond_leggings":3,"mysticalagriculture:inferium_essence":1,"minecraft:diamond_boots":3,"minecraft:golden_apple":30,"realismvehicle:bmwm_4":2,"minecraft:diamond_helmet":3},"minecraft:killed":{"harrypotter:acromantula":1,"minecraft:spider":1},"minecraft:dropped":{"constructionwand:infinity_wand":1},"minecraft:custom":{"minecraft:time_since_rest":340612,"minecraft:waystone_activated":5,"minecraft:sprint_one_cm":130010,"minecraft:walk_one_cm":331395,"minecraft:mob_kills":2,"minecraft:drop":1,"minecraft:use_wand":1203,"minecraft:damage_dealt":484,"minecraft:fly_one_cm":1115031,"minecraft:open_chest":17,"minecraft:crouch_one_cm":16356,"minecraft:play_time":340612,"minecraft:sneak_time":8410,"minecraft:walk_under_water_one_cm":6954,"minecraft:jump":561,"minecraft:leave_game":15,"minecraft:walk_on_water_one_cm":759,"minecraft:time_since_death":340612,"minecraft:total_world_time":340612},"minecraft:mined":{"realismvehicle:bmwm_4":2}},"DataVersion":2975}