{"stats":{"minecraft:killed":{"minecraft:spider":1},"minecraft:mined":{"realismvehicle:bmwm_4":2},"minecraft:picked_up":{"securitycraft:reinforced_smooth_quartz":1,"realismvehicle:bmwm_4":2},"minecraft:dropped":{"constructionwand:infinity_wand":1},"minecraft:custom":{"minecraft:time_since_rest":163839,"minecraft:waystone_activated":1,"minecraft:sprint_one_cm":71031,"minecraft:walk_one_cm":180844,"minecraft:mob_kills":1,"minecraft:drop":1,"minecraft:use_wand":1203,"minecraft:damage_dealt":234,"minecraft:fly_one_cm":639611,"minecraft:open_chest":8,"minecraft:crouch_one_cm":10293,"minecraft:play_time":163839,"minecraft:sneak_time":4404,"minecraft:walk_under_water_one_cm":6954,"minecraft:jump":364,"minecraft:leave_game":8,"minecraft:time_since_death":163839,"minecraft:walk_on_water_one_cm":759,"minecraft:total_world_time":163839},"minecraft:used":{"create:wand_of_symmetry":15,"realismvehicle:bmwm_4":3,"minecraft:quartz_bricks":453,"waystones:waystone":1,"ironchest:dirt_chest":1,"minecraft:quartz_pillar":204,"iceandfire:dragonbone_sword_fire":1,"framedblocks:framed_inner_corner_slope":2,"tortillapops:mayichi_pop":1,"minecraft:quartz_slab":66,"biomesoplenty:dead_fence":5,"minecraft:grass_block":732,"framedblocks:framed_slope":25,"constructionwand:infinity_wand":23,"minecraft:quartz_block":2,"minepop:minepop_obiwan_kenobi":1,"artifacts:eternal_steak":1,"framedblocks:framed_cube":1,"minecraft:smooth_quartz":914,"minecraft:quartz_stairs":348,"minecraft:grass":3,"minecraft:smooth_quartz_stairs":17,"lightingwand:wand":333,"ironchest:diamond_chest":1,"ironchest:obsidian_chest":1,"mtr:glass_fence_plain":8,"ironchest:copper_chest":1,"minecraft:chiseled_quartz_block":1,"ironchest:crystal_chest":1}},"DataVersion":2975}