{"stats":{"minecraft:used":{"minecraft:quartz_bricks":341,"minecraft:smooth_quartz_stairs":17,"lightingwand:wand":9,"minecraft:quartz_pillar":131,"minecraft:quartz_slab":37,"minecraft:grass_block":2,"constructionwand:infinity_wand":7,"minecraft:quartz_block":2,"minecraft:chiseled_quartz_block":1,"minecraft:smooth_quartz":312,"minecraft:quartz_stairs":172,"minecraft:grass":3},"minecraft:custom":{"minecraft:time_since_rest":69229,"minecraft:crouch_one_cm":3476,"minecraft:sprint_one_cm":9708,"minecraft:play_time":69229,"minecraft:walk_one_cm":47101,"minecraft:sneak_time":1680,"minecraft:walk_under_water_one_cm":6954,"minecraft:drop":1,"minecraft:jump":86,"minecraft:use_wand":368,"minecraft:leave_game":3,"minecraft:walk_on_water_one_cm":85,"minecraft:time_since_death":69229,"minecraft:total_world_time":69229,"minecraft:fly_one_cm":194053},"minecraft:dropped":{"constructionwand:infinity_wand":1}},"DataVersion":2975}