{"stats":{"minecraft:mined":{"realismvehicle:bmwm_4":2},"minecraft:dropped":{"constructionwand:infinity_wand":1},"minecraft:picked_up":{"securitycraft:reinforced_smooth_quartz":1,"minecraft:water_bucket":3,"minecraft:diamond_sword":3,"minecraft:lava_bucket":3,"minecraft:diamond_chestplate":3,"minecraft:wheat_seeds":11,"minecraft:diamond_leggings":3,"mysticalagriculture:inferium_essence":1,"minecraft:diamond_boots":3,"minecraft:golden_apple":30,"realismvehicle:bmwm_4":2,"minecraft:diamond_helmet":3},"minecraft:killed":{"harrypotter:acromantula":1,"minecraft:spider":1},"minecraft:custom":{"minecraft:time_since_rest":273864,"minecraft:waystone_activated":1,"minecraft:sprint_one_cm":125568,"minecraft:walk_one_cm":286095,"minecraft:mob_kills":2,"minecraft:drop":1,"minecraft:use_wand":1203,"minecraft:damage_dealt":484,"minecraft:fly_one_cm":783128,"minecraft:open_chest":16,"minecraft:crouch_one_cm":15640,"minecraft:play_time":273864,"minecraft:sneak_time":6357,"minecraft:walk_under_water_one_cm":6954,"minecraft:jump":476,"minecraft:leave_game":12,"minecraft:walk_on_water_one_cm":759,"minecraft:time_since_death":273864,"minecraft:total_world_time":273864},"minecraft:used":{"create:wand_of_symmetry":15,"realismvehicle:bmwm_4":3,"minecraft:quartz_bricks":453,"waystones:waystone":1,"ironchest:dirt_chest":1,"minecraft:netherite_sword":3,"minecraft:red_stained_glass":5,"iceandfire:dragonbone_sword_fire":1,"minecraft:quartz_pillar":204,"minecraft:quartz_slab":66,"framedblocks:framed_inner_corner_slope":2,"tortillapops:mayichi_pop":1,"biomesoplenty:dead_fence":5,"minecraft:grass_block":732,"framedblocks:framed_slope":25,"constructionwand:infinity_wand":23,"minecraft:red_nether_bricks":132,"minecraft:quartz_block":2,"carryon:entity_item":5,"minepop:minepop_obiwan_kenobi":1,"minecraft:chest":3,"artifacts:eternal_steak":1,"framedblocks:framed_cube":1,"minecraft:smooth_quartz":915,"minecraft:red_nether_brick_stairs":84,"minecraft:quartz_stairs":348,"minecraft:grass":3,"minecraft:smooth_quartz_stairs":17,"lightingwand:wand":333,"minecraft:dirt":36,"ironchest:diamond_chest":1,"ironchest:obsidian_chest":1,"ironchest:copper_chest":1,"mtr:glass_fence_plain":8,"minecraft:nether_bricks":111,"minecraft:chiseled_quartz_block":1,"ironchest:crystal_chest":1}},"DataVersion":2975}