{"stats":{"minecraft:dropped":{"constructionwand:infinity_wand":1},"minecraft:custom":{"minecraft:time_since_rest":115363,"minecraft:waystone_activated":1,"minecraft:crouch_one_cm":5690,"minecraft:sprint_one_cm":35491,"minecraft:play_time":115363,"minecraft:walk_one_cm":112321,"minecraft:sneak_time":2860,"minecraft:walk_under_water_one_cm":6954,"minecraft:mob_kills":1,"minecraft:drop":1,"minecraft:jump":200,"minecraft:use_wand":694,"minecraft:damage_dealt":80,"minecraft:leave_game":5,"minecraft:walk_on_water_one_cm":85,"minecraft:time_since_death":115363,"minecraft:total_world_time":115363,"minecraft:fly_one_cm":412110},"minecraft:used":{"create:wand_of_symmetry":14,"minecraft:smooth_quartz_stairs":17,"minecraft:quartz_bricks":424,"waystones:waystone":1,"lightingwand:wand":333,"minecraft:quartz_pillar":204,"mtr:glass_fence_plain":8,"framedblocks:framed_inner_corner_slope":2,"iceandfire:dragonbone_sword_fire":1,"minecraft:quartz_slab":66,"biomesoplenty:dead_fence":5,"framedblocks:framed_slope":25,"minecraft:grass_block":2,"constructionwand:infinity_wand":21,"minecraft:quartz_block":2,"minecraft:chiseled_quartz_block":1,"framedblocks:framed_cube":1,"minecraft:smooth_quartz":871,"minecraft:quartz_stairs":348,"minecraft:grass":3},"minecraft:killed":{"minecraft:spider":1}},"DataVersion":2975}