{"stats":{"minecraft:dropped":{"constructionwand:infinity_wand":1},"minecraft:custom":{"minecraft:time_since_rest":93072,"minecraft:waystone_activated":1,"minecraft:crouch_one_cm":4278,"minecraft:sprint_one_cm":25030,"minecraft:play_time":93072,"minecraft:walk_one_cm":96642,"minecraft:sneak_time":2307,"minecraft:walk_under_water_one_cm":6954,"minecraft:mob_kills":1,"minecraft:drop":1,"minecraft:jump":171,"minecraft:use_wand":670,"minecraft:damage_dealt":80,"minecraft:leave_game":3,"minecraft:walk_on_water_one_cm":85,"minecraft:time_since_death":93072,"minecraft:total_world_time":93072,"minecraft:fly_one_cm":262511},"minecraft:used":{"waystones:waystone":1,"minecraft:quartz_bricks":392,"minecraft:smooth_quartz_stairs":17,"lightingwand:wand":39,"minecraft:quartz_pillar":202,"iceandfire:dragonbone_sword_fire":1,"framedblocks:framed_inner_corner_slope":2,"biomesoplenty:dead_fence":5,"minecraft:quartz_slab":66,"mtr:glass_fence_plain":8,"framedblocks:framed_slope":25,"minecraft:grass_block":2,"constructionwand:infinity_wand":20,"minecraft:quartz_block":2,"minecraft:chiseled_quartz_block":1,"framedblocks:framed_cube":1,"minecraft:smooth_quartz":607,"minecraft:quartz_stairs":348,"minecraft:grass":3},"minecraft:killed":{"minecraft:spider":1}},"DataVersion":2975}