{"stats":{"minecraft:dropped":{"constructionwand:infinity_wand":1},"minecraft:custom":{"minecraft:time_since_rest":81072,"minecraft:crouch_one_cm":4045,"minecraft:sprint_one_cm":20997,"minecraft:play_time":81072,"minecraft:walk_one_cm":75226,"minecraft:sneak_time":2036,"minecraft:walk_under_water_one_cm":6954,"minecraft:drop":1,"minecraft:jump":132,"minecraft:use_wand":368,"minecraft:leave_game":3,"minecraft:walk_on_water_one_cm":85,"minecraft:time_since_death":81072,"minecraft:total_world_time":81072,"minecraft:fly_one_cm":225640},"minecraft:used":{"minecraft:quartz_bricks":349,"minecraft:smooth_quartz_stairs":17,"lightingwand:wand":39,"minecraft:quartz_pillar":161,"framedblocks:framed_inner_corner_slope":2,"biomesoplenty:dead_fence":5,"minecraft:quartz_slab":41,"mtr:glass_fence_plain":8,"framedblocks:framed_slope":25,"minecraft:grass_block":2,"constructionwand:infinity_wand":7,"minecraft:quartz_block":2,"minecraft:chiseled_quartz_block":1,"framedblocks:framed_cube":1,"minecraft:smooth_quartz":320,"minecraft:quartz_stairs":246,"minecraft:grass":3}},"DataVersion":2975}