{"stats":{"minecraft:custom":{"minecraft:time_since_rest":59473,"minecraft:crouch_one_cm":3074,"minecraft:play_time":59473,"minecraft:sprint_one_cm":8461,"minecraft:walk_one_cm":36792,"minecraft:sneak_time":1487,"minecraft:walk_under_water_one_cm":6954,"minecraft:drop":1,"minecraft:jump":58,"minecraft:use_wand":368,"minecraft:leave_game":1,"minecraft:time_since_death":59473,"minecraft:walk_on_water_one_cm":85,"minecraft:total_world_time":59473,"minecraft:fly_one_cm":169912},"minecraft:used":{"minecraft:quartz_bricks":338,"minecraft:smooth_quartz_stairs":17,"lightingwand:wand":9,"minecraft:quartz_pillar":119,"minecraft:quartz_slab":3,"minecraft:grass_block":2,"constructionwand:infinity_wand":7,"minecraft:chiseled_quartz_block":1,"minecraft:smooth_quartz":269,"minecraft:quartz_stairs":98,"minecraft:grass":3},"minecraft:dropped":{"constructionwand:infinity_wand":1}},"DataVersion":2975}