{"stats":{"minecraft:custom":{"minecraft:jump":110,"minecraft:damage_dealt":84,"minecraft:time_since_rest":39046,"minecraft:crouch_one_cm":4663,"minecraft:leave_game":1,"minecraft:sprint_one_cm":6574,"minecraft:play_time":39046,"minecraft:walk_on_water_one_cm":74,"minecraft:time_since_death":39046,"minecraft:walk_one_cm":28503,"minecraft:sneak_time":2952,"minecraft:total_world_time":39046,"minecraft:walk_under_water_one_cm":16088,"minecraft:fly_one_cm":94405},"minecraft:used":{"minecraft:quartz_bricks":5,"minecraft:smooth_quartz_stairs":20,"minecraft:smooth_quartz":10,"minecraft:quartz_pillar":28},"minecraft:mined":{"minecraft:grass":3},"minecraft:picked_up":{"byg:orange_daisy":1,"constructionwand:infinity_wand":1}},"DataVersion":2975}