{"stats":{"minecraft:picked_up":{"minecraft:gray_wool":1,"minecraft:mutton":2},"minecraft:used":{"minecraft:quartz_bricks":362,"minecraft:water_bucket":1,"minecraft:quartz_pillar":77,"minecraft:smooth_quartz_slab":4,"minecraft:grass_block":2,"constructionwand:infinity_wand":17,"carryon:entity_item":2,"minecraft:white_bed":1,"minecraft:smooth_quartz":336,"minecraft:quartz_stairs":4},"minecraft:custom":{"minecraft:time_since_rest":9973,"minecraft:crouch_one_cm":8307,"minecraft:sprint_one_cm":20017,"minecraft:play_time":47573,"minecraft:deaths":1,"minecraft:walk_one_cm":38030,"minecraft:sneak_time":2894,"minecraft:walk_under_water_one_cm":2480,"minecraft:jump":281,"minecraft:use_wand":305,"minecraft:damage_dealt":77,"minecraft:leave_game":6,"minecraft:walk_on_water_one_cm":3474,"minecraft:time_since_death":9959,"minecraft:total_world_time":47573,"minecraft:swim_one_cm":2147,"minecraft:fly_one_cm":156975}},"DataVersion":2975}