{"stats":{"minecraft:used":{"carryon:entity_item":2,"minecraft:grass_block":2},"minecraft:custom":{"minecraft:jump":66,"minecraft:time_since_rest":17441,"minecraft:damage_dealt":47,"minecraft:crouch_one_cm":518,"minecraft:leave_game":2,"minecraft:play_time":17441,"minecraft:sprint_one_cm":11915,"minecraft:time_since_death":17441,"minecraft:walk_on_water_one_cm":3474,"minecraft:walk_one_cm":14065,"minecraft:sneak_time":533,"minecraft:total_world_time":17441,"minecraft:walk_under_water_one_cm":2480,"minecraft:swim_one_cm":2147,"minecraft:fly_one_cm":88843}},"DataVersion":2975}