{"stats":{"minecraft:custom":{"minecraft:jump":239,"minecraft:time_since_rest":1796,"minecraft:damage_dealt":77,"minecraft:crouch_one_cm":3938,"minecraft:leave_game":5,"minecraft:play_time":39396,"minecraft:sprint_one_cm":16879,"minecraft:time_since_death":1782,"minecraft:walk_on_water_one_cm":3474,"minecraft:walk_one_cm":29474,"minecraft:sneak_time":1848,"minecraft:total_world_time":39396,"minecraft:walk_under_water_one_cm":2480,"minecraft:swim_one_cm":2147,"minecraft:fly_one_cm":147909,"minecraft:deaths":1},"minecraft:picked_up":{"minecraft:gray_wool":1,"minecraft:mutton":2},"minecraft:used":{"minecraft:white_bed":1,"minecraft:quartz_bricks":336,"carryon:entity_item":2,"minecraft:smooth_quartz":24,"minecraft:grass_block":2}},"DataVersion":2975}