{"stats":{"minecraft:used":{"carryon:entity_item":2,"minecraft:grass_block":2},"minecraft:custom":{"minecraft:jump":76,"minecraft:time_since_rest":23070,"minecraft:damage_dealt":57,"minecraft:crouch_one_cm":518,"minecraft:leave_game":3,"minecraft:play_time":23070,"minecraft:sprint_one_cm":13207,"minecraft:time_since_death":23070,"minecraft:walk_on_water_one_cm":3474,"minecraft:walk_one_cm":17238,"minecraft:sneak_time":533,"minecraft:total_world_time":23070,"minecraft:walk_under_water_one_cm":2480,"minecraft:swim_one_cm":2147,"minecraft:fly_one_cm":116729}},"DataVersion":2975}