{"stats":{"minecraft:custom":{"minecraft:jump":235,"minecraft:time_since_rest":33667,"minecraft:damage_dealt":77,"minecraft:crouch_one_cm":1546,"minecraft:leave_game":4,"minecraft:play_time":33667,"minecraft:sprint_one_cm":16143,"minecraft:time_since_death":33667,"minecraft:walk_on_water_one_cm":3474,"minecraft:walk_one_cm":24938,"minecraft:sneak_time":1376,"minecraft:total_world_time":33667,"minecraft:walk_under_water_one_cm":2480,"minecraft:swim_one_cm":2147,"minecraft:fly_one_cm":146479},"minecraft:picked_up":{"minecraft:gray_wool":1,"minecraft:mutton":2},"minecraft:used":{"minecraft:quartz_bricks":336,"carryon:entity_item":2,"minecraft:smooth_quartz":1,"minecraft:grass_block":2}},"DataVersion":2975}