{"stats":{"minecraft:custom":{"minecraft:jump":66,"minecraft:time_since_rest":17072,"minecraft:leave_game":1,"minecraft:damage_dealt":47,"minecraft:crouch_one_cm":518,"minecraft:sprint_one_cm":11915,"minecraft:play_time":17072,"minecraft:walk_on_water_one_cm":3474,"minecraft:time_since_death":17072,"minecraft:walk_one_cm":14065,"minecraft:sneak_time":533,"minecraft:total_world_time":17072,"minecraft:walk_under_water_one_cm":2480,"minecraft:swim_one_cm":2147,"minecraft:fly_one_cm":88843},"minecraft:used":{"carryon:entity_item":2,"minecraft:grass_block":2}},"DataVersion":2975}