{"stats":{"minecraft:custom":{"minecraft:jump":78,"minecraft:time_since_rest":24355,"minecraft:damage_dealt":67,"minecraft:crouch_one_cm":518,"minecraft:leave_game":4,"minecraft:play_time":24355,"minecraft:sprint_one_cm":13207,"minecraft:time_since_death":24355,"minecraft:walk_on_water_one_cm":3474,"minecraft:walk_one_cm":17977,"minecraft:sneak_time":533,"minecraft:total_world_time":24355,"minecraft:walk_under_water_one_cm":2480,"minecraft:swim_one_cm":2147,"minecraft:fly_one_cm":117833},"minecraft:used":{"carryon:entity_item":2,"minecraft:grass_block":2}},"DataVersion":2975}