{"stats":{"minecraft:custom":{"minecraft:time_since_rest":9395,"minecraft:waystone_activated":1,"minecraft:crouch_one_cm":1591,"minecraft:play_time":9395,"minecraft:sprint_one_cm":6128,"minecraft:walk_one_cm":10849,"minecraft:sneak_time":357,"minecraft:jump":108,"minecraft:time_since_death":9395,"minecraft:total_world_time":9395,"minecraft:fall_one_cm":1254,"minecraft:fly_one_cm":45029},"minecraft:picked_up":{"byg:orange_daisy":1,"minecraft:golden_apple":4,"minecraft:enchanted_golden_apple":1,"minecraft:dirt":5},"minecraft:mined":{"minecraft:grass":2,"biomesoplenty:clover":1,"minecraft:grass_block":5,"byg:orange_daisy":1,"lucky:lucky_block":1},"minecraft:used":{"realismvehicle:bmwm_4":1,"minecraft:golden_apple":2,"mekanismgenerators:wind_generator":1,"alexsmobs:animal_dictionary":1,"minecraft:dark_oak_leaves":6,"minecraft:enchanted_golden_apple":1}},"DataVersion":2975}