{
  "cfm:recipes/cfm/spruce_kitchen_drawer": {
    "criteria": {
      "has_chest": "2024-08-21 00:38:30 +0000"
    },
    "done": true
  },
  "framedblocks:recipes/framed_blocks/framed_prism_corner": {
    "criteria": {
      "hasFramedSlope": "2024-07-27 11:31:10 +0000"
    },
    "done": true
  },
  "securitycraft:recipes/securitycraft/reinforced_purple_stained_glass_pane_from_dye": {
    "criteria": {
      "has_glass": "2024-08-21 01:49:56 +0000"
    },
    "done": true
  },
  "decorative_blocks:recipes/decorative_blocks.general/birch_seat": {
    "criteria": {
      "has_plank": "2024-08-20 23:56:00 +0000"
    },
    "done": true
  },
  "minecraft:nether/obtain_crying_obsidian": {
    "criteria": {
      "crying_obsidian": "2024-08-21 02:34:27 +0000"
    },
    "done": true
  },
  "cfm:recipes/cfm/yellow_cooler": {
    "criteria": {
      "has_chest": "2024-08-21 00:38:29 +0000"
    },
    "done": true
  },
  "naturescompass:natures_compass": {
    "criteria": {
      "has_compass": "2024-07-26 16:59:56 +0000"
    },
    "done": true
  },
  "tconstruct:tools/materials_and_you": {
    "criteria": {
      "crafted_book": "2024-07-26 16:59:57 +0000"
    },
    "done": true
  },
  "tconstruct:internal/starting_book": {
    "criteria": {
      "tick": "2024-07-26 16:59:57 +0000"
    },
    "done": true
  },
  "additionalguns:recipes/additionalguns/unica": {
    "criteria": {
      "has_planks": "2024-08-20 23:56:00 +0000"
    },
    "done": true
  },
  "additionalguns:recipes/additionalguns/akm": {
    "criteria": {
      "has_planks": "2024-08-20 23:56:00 +0000"
    },
    "done": true
  },
  "minecraft:recipes/building_blocks/red_nether_brick_slab_from_red_nether_bricks_stonecutting": {
    "criteria": {
      "has_red_nether_bricks": "2024-08-21 01:43:32 +0000"
    },
    "done": true
  },
  "spartanweaponry:recipes/spartanweaponry.basic/wooden_katana": {
    "criteria": {
      "has_wood": "2024-08-20 23:56:00 +0000"
    },
    "done": true
  },
  "framedblocks:recipes/framed_blocks/framed_corner_pillar": {
    "criteria": {
      "hasFramedBlock": "2024-07-27 11:31:42 +0000"
    },
    "done": true
  },
  "spartanweaponry:recipes/spartanweaponry.basic/wooden_quarterstaff": {
    "criteria": {
      "has_wood": "2024-08-20 23:56:00 +0000"
    },
    "done": true
  },
  "minecraft:recipes/building_blocks/nether_brick_slab": {
    "criteria": {
      "has_nether_bricks": "2024-08-21 00:49:39 +0000"
    },
    "done": true
  },
  "mcwbridges:recipes/balustrade_nether_bricks_bridge": {
    "criteria": {
      "has_planks": "2024-08-21 00:49:39 +0000"
    },
    "done": true
  },
  "minecraft:recipes/decorations/crafting_table": {
    "criteria": {
      "has_planks": "2024-08-20 23:56:00 +0000"
    },
    "done": true
  },
  "cfm:recipes/cfm/stripped_birch_kitchen_sink_light": {
    "criteria": {
      "has_bucket": "2024-08-21 00:56:59 +0000"
    },
    "done": true
  },
  "cfm:recipes/cfm/birch_desk": {
    "criteria": {
      "has_planks": "2024-08-20 23:56:00 +0000"
    },
    "done": true
  },
  "additionalguns:recipes/additionalguns/ak74": {
    "criteria": {
      "has_planks": "2024-08-20 23:56:00 +0000"
    },
    "done": true
  },
  "securitycraft:recipes/securitycraft/reinforced_green_stained_glass": {
    "criteria": {
      "has_glass": "2024-08-21 01:49:56 +0000"
    },
    "done": true
  },
  "securitycraft:recipes/securitycraft/reinforced_red_stained_glass_pane_from_dye": {
    "criteria": {
      "has_glass": "2024-08-21 01:49:56 +0000"
    },
    "done": true
  },
  "iceandfire:iceandfire/root": {
    "criteria": {
      "tick": "2024-07-26 16:59:57 +0000"
    },
    "done": true
  },
  "mcwroofs:recipes/birch_planks": {
    "criteria": {
      "has_planks": "2024-08-20 23:56:00 +0000"
    },
    "done": true
  },
  "framedblocks:recipes/framed_blocks/framed_double_slope": {
    "criteria": {
      "hasFramedSlope": "2024-07-27 11:31:10 +0000"
    },
    "done": true
  },
  "minecraft:recipes/decorations/red_nether_brick_wall": {
    "criteria": {
      "has_red_nether_bricks": "2024-08-21 01:43:32 +0000"
    },
    "done": true
  },
  "minecraft:recipes/decorations/chest": {
    "criteria": {
      "has_lots_of_items": "2024-07-26 17:10:38 +0000"
    },
    "done": true
  },
  "framedblocks:recipes/framed_blocks/framed_fancy_powered_rail": {
    "criteria": {
      "hasFramedBlock": "2024-07-27 11:31:42 +0000"
    },
    "done": true
  },
  "minecraft:story/shiny_gear": {
    "criteria": {
      "diamond_leggings": "2024-07-27 11:55:45 +0000"
    },
    "done": true
  },
  "tconstruct:recipes/tconstruct/general/tables/tinkers_anvil": {
    "criteria": {
      "has_item": "2024-08-21 02:14:33 +0000"
    },
    "done": true
  },
  "securitycraft:recipes/securitycraft/reinforced_black_stained_glass_pane_from_dye": {
    "criteria": {
      "has_glass": "2024-08-21 01:49:56 +0000"
    },
    "done": true
  },
  "framedblocks:recipes/framed_blocks/framed_redstone_torch": {
    "criteria": {
      "hasFramedBlock": "2024-07-27 11:31:42 +0000"
    },
    "done": true
  },
  "aquaculture:recipes/tools/golden_fishing_rod": {
    "criteria": {
      "has_vanilla_rod": "2024-07-26 16:59:56 +0000"
    },
    "done": true
  },
  "securitycraft:recipes/securitycraft/reinforced_orange_stained_glass": {
    "criteria": {
      "has_glass": "2024-08-21 01:49:56 +0000"
    },
    "done": true
  },
  "mcwfences:recipes/stone": {
    "criteria": {
      "has_stone": "2024-07-26 16:59:56 +0000"
    },
    "done": true
  },
  "minecraft:recipes/misc/stick": {
    "criteria": {
      "has_planks": "2024-08-20 23:56:00 +0000"
    },
    "done": true
  },
  "securitycraft:recipes/securitycraft/reinforced_orange_stained_glass_pane_from_glass": {
    "criteria": {
      "has_glass": "2024-08-21 01:49:56 +0000"
    },
    "done": true
  },
  "securitycraft:recipes/securitycraft/reinforced_light_blue_stained_glass": {
    "criteria": {
      "has_glass": "2024-08-21 01:49:56 +0000"
    },
    "done": true
  },
  "framedblocks:recipes/framed_blocks/framed_target": {
    "criteria": {
      "hasFramedCube": "2024-07-27 11:31:42 +0000"
    },
    "done": true
  },
  "mcwfences:recipes/jungle": {
    "criteria": {
      "has_jungle": "2024-07-26 16:59:56 +0000"
    },
    "done": true
  },
  "minecraft:recipes/building_blocks/smooth_quartz_slab_from_smooth_quartz_stonecutting": {
    "criteria": {
      "has_smooth_quartz": "2024-07-26 17:05:39 +0000"
    },
    "done": true
  },
  "framedblocks:recipes/framed_blocks/framed_iron_pressure_plate": {
    "criteria": {
      "hasFramedBlock": "2024-07-27 11:31:42 +0000"
    },
    "done": true
  },
  "cfm:recipes/cfm/pink_kitchen_drawer": {
    "criteria": {
      "has_chest": "2024-08-21 00:38:30 +0000"
    },
    "done": true
  },
  "cfm:recipes/cfm/lime_kitchen_drawer": {
    "criteria": {
      "has_chest": "2024-08-21 00:38:30 +0000"
    },
    "done": true
  },
  "cfm:recipes/cfm/dark_oak_kitchen_drawer": {
    "criteria": {
      "has_chest": "2024-08-21 00:38:30 +0000"
    },
    "done": true
  },
  "cfm:recipes/cfm/crimson_kitchen_sink_light": {
    "criteria": {
      "has_bucket": "2024-08-21 00:56:59 +0000"
    },
    "done": true
  },
  "framedblocks:recipes/framed_blocks/framed_corner_slope": {
    "criteria": {
      "hasFramedSlope": "2024-07-27 11:31:10 +0000"
    },
    "done": true
  },
  "cfm:recipes/cfm/stripped_jungle_kitchen_sink_dark": {
    "criteria": {
      "has_bucket": "2024-08-21 00:56:59 +0000"
    },
    "done": true
  },
  "cfm:recipes/cfm/red_cooler": {
    "criteria": {
      "has_chest": "2024-08-21 00:38:30 +0000"
    },
    "done": true
  },
  "mcwfences:recipes/oak": {
    "criteria": {
      "has_oak": "2024-07-26 16:59:56 +0000"
    },
    "done": true
  },
  "mcwfences:recipes/end": {
    "criteria": {
      "has_end_brick": "2024-07-26 16:59:56 +0000"
    },
    "done": true
  },
  "cfm:recipes/cfm/gray_kitchen_sink": {
    "criteria": {
      "has_bucket": "2024-08-21 00:56:59 +0000"
    },
    "done": true
  },
  "cfm:recipes/cfm/gray_kitchen_drawer": {
    "criteria": {
      "has_chest": "2024-08-21 00:38:29 +0000"
    },
    "done": true
  },
  "cfm:recipes/cfm/birch_crate": {
    "criteria": {
      "has_planks": "2024-08-20 23:56:00 +0000"
    },
    "done": true
  },
  "securitycraft:recipes/securitycraft/reinforced_white_stained_glass_pane_from_glass": {
    "criteria": {
      "has_glass": "2024-08-21 01:49:56 +0000"
    },
    "done": true
  },
  "tconstruct:recipes/tconstruct/general/tables/scorched_anvil": {
    "criteria": {
      "has_item": "2024-08-21 02:14:33 +0000"
    },
    "done": true
  },
  "ironchest:recipes/ironchest/chests/diamond_obsidian_chest": {
    "criteria": {
      "has_obsidian": "2024-08-21 02:34:29 +0000"
    },
    "done": true
  },
  "framedblocks:recipes/framed_blocks/framed_gold_pressure_plate": {
    "criteria": {
      "hasFramedBlock": "2024-07-27 11:31:42 +0000"
    },
    "done": true
  },
  "spartanweaponry:recipes/spartanweaponry.basic/wooden_rapier": {
    "criteria": {
      "has_wood": "2024-08-20 23:56:00 +0000"
    },
    "done": true
  },
  "aquaculture:recipes/food/frog_legs": {
    "criteria": {
      "has_items": "2024-07-26 16:59:57 +0000"
    },
    "done": true
  },
  "naturescompass:natures_compass_sapling": {
    "criteria": {
      "has_recipe": "2024-07-26 16:59:56 +0000"
    },
    "done": true
  },
  "securitycraft:recipes/securitycraft/reinforced_red_stained_glass": {
    "criteria": {
      "has_glass": "2024-08-21 01:49:56 +0000"
    },
    "done": true
  },
  "aquaculture:recipes/misc/gold_nugget_from_smelting": {
    "criteria": {
      "has_fishing_rod": "2024-07-26 16:59:56 +0000",
      "has_fillet_knife": "2024-07-26 16:59:56 +0000"
    },
    "done": true
  },
  "iceandfire:iceandfire/dragonbone_flaming_sword": {
    "criteria": {
      "sword": "2024-07-27 11:39:18 +0000"
    },
    "done": true
  },
  "aquaculture:recipes/aquaculture/worm_farm": {
    "criteria": {
      "has_items": "2024-07-26 16:59:56 +0000"
    },
    "done": true
  },
  "biomesoplenty:recipes/transportation/cherry_boat": {
    "criteria": {
      "in_water": "2024-07-26 17:03:04 +0000"
    },
    "done": true
  },
  "securitycraft:recipes/securitycraft/reinforced_lime_stained_glass": {
    "criteria": {
      "has_glass": "2024-08-21 01:49:56 +0000"
    },
    "done": true
  },
  "spartanweaponry:recipes/spartanweaponry.basic/wooden_flanged_mace": {
    "criteria": {
      "has_wood": "2024-08-20 23:56:00 +0000"
    },
    "done": true
  },
  "biomesoplenty:recipes/transportation/fir_boat": {
    "criteria": {
      "in_water": "2024-07-26 17:03:04 +0000"
    },
    "done": true
  },
  "spartanweaponry:recipes/spartanweaponry.basic/wooden_boomerang": {
    "criteria": {
      "has_wood": "2024-08-20 23:56:00 +0000"
    },
    "done": true
  },
  "croptopia:recipes/shaped_water_bottle": {
    "criteria": {
      "has_water": "2024-08-21 00:40:07 +0000"
    },
    "done": true
  },
  "cfm:recipes/cfm/black_kitchen_sink": {
    "criteria": {
      "has_bucket": "2024-08-21 00:56:59 +0000"
    },
    "done": true
  },
  "cfm:recipes/cfm/jungle_kitchen_sink_light": {
    "criteria": {
      "has_bucket": "2024-08-21 00:56:59 +0000"
    },
    "done": true
  },
  "securitycraft:recipes/securitycraft/reinforced_blue_stained_glass_pane_from_glass": {
    "criteria": {
      "has_glass": "2024-08-21 01:49:56 +0000"
    },
    "done": true
  },
  "framedblocks:recipes/framed_blocks/framed_button": {
    "criteria": {
      "hasFramedBlock": "2024-07-27 11:31:42 +0000"
    },
    "done": true
  },
  "aquaculture:recipes/decorations/spruce_fish_mount": {
    "criteria": {
      "has_items": "2024-07-26 16:59:56 +0000"
    },
    "done": true
  },
  "securitycraft:recipes/securitycraft/reinforced_white_stained_glass_pane_from_dye": {
    "criteria": {
      "has_glass": "2024-08-21 01:49:56 +0000"
    },
    "done": true
  },
  "cfm:recipes/cfm/spruce_kitchen_sink_dark": {
    "criteria": {
      "has_bucket": "2024-08-21 00:56:59 +0000"
    },
    "done": true
  },
  "spartanweaponry:recipes/spartanweaponry.basic/wooden_warhammer": {
    "criteria": {
      "has_wood": "2024-08-20 23:56:00 +0000"
    },
    "done": true
  },
  "cfm:recipes/cfm/brown_cooler": {
    "criteria": {
      "has_chest": "2024-08-21 00:38:29 +0000"
    },
    "done": true
  },
  "cfm:recipes/cfm/dark_oak_kitchen_sink_dark": {
    "criteria": {
      "has_bucket": "2024-08-21 00:56:59 +0000"
    },
    "done": true
  },
  "framedblocks:recipes/framed_blocks/framed_stone_pressure_plate": {
    "criteria": {
      "hasFramedBlock": "2024-07-27 11:31:42 +0000"
    },
    "done": true
  },
  "framedblocks:recipes/framed_blocks/framed_wall": {
    "criteria": {
      "hasFramedBlock": "2024-07-27 11:31:42 +0000"
    },
    "done": true
  },
  "cfm:recipes/cfm/purple_kitchen_sink": {
    "criteria": {
      "has_bucket": "2024-08-21 00:56:59 +0000"
    },
    "done": true
  },
  "spartanweaponry:recipes/spartanweaponry.basic/wooden_throwing_knife": {
    "criteria": {
      "has_wood": "2024-08-20 23:56:00 +0000"
    },
    "done": true
  },
  "additionalguns:recipes/additionalguns/aks74u": {
    "criteria": {
      "has_planks": "2024-08-20 23:56:00 +0000"
    },
    "done": true
  },
  "biomesoplenty:biomesoplenty/all_biomes": {
    "criteria": {
      "woodland": "2024-07-27 14:26:09 +0000",
      "clover_patch": "2024-07-26 17:04:51 +0000",
      "redwood_forest": "2024-07-27 14:23:16 +0000",
      "grassland": "2024-07-26 17:04:54 +0000"
    },
    "done": false
  },
  "cfm:recipes/cfm/magenta_kitchen_drawer": {
    "criteria": {
      "has_chest": "2024-08-21 00:38:30 +0000"
    },
    "done": true
  },
  "cfm:recipes/cfm/brown_kitchen_drawer": {
    "criteria": {
      "has_chest": "2024-08-21 00:38:30 +0000"
    },
    "done": true
  },
  "cfm:recipes/cfm/dark_oak_kitchen_sink_light": {
    "criteria": {
      "has_bucket": "2024-08-21 00:56:59 +0000"
    },
    "done": true
  },
  "minecraft:recipes/brewing/cauldron": {
    "criteria": {
      "has_water_bucket": "2024-08-21 00:40:07 +0000"
    },
    "done": true
  },
  "framedblocks:recipes/framed_blocks/framed_fancy_powered_rail_slope": {
    "criteria": {
      "hasFramedSlope": "2024-07-27 11:31:10 +0000"
    },
    "done": true
  },
  "framedblocks:recipes/framed_blocks/framed_panel": {
    "criteria": {
      "hasFramedBlock": "2024-07-27 11:31:42 +0000"
    },
    "done": true
  },
  "spartanweaponry:recipes/spartanweaponry.basic/wooden_longbow": {
    "criteria": {
      "has_wood": "2024-08-20 23:56:00 +0000"
    },
    "done": true
  },
  "minecraft:story/lava_bucket": {
    "criteria": {
      "lava_bucket": "2024-08-21 00:40:17 +0000"
    },
    "done": true
  },
  "aquaculture:recipes/misc/jellyfish_to_slimeball": {
    "criteria": {
      "has_items": "2024-07-26 16:59:56 +0000"
    },
    "done": true
  },
  "minecraft:recipes/building_blocks/quartz_stairs": {
    "criteria": {
      "has_quartz_pillar": "2024-07-26 17:05:33 +0000"
    },
    "done": true
  },
  "securitycraft:recipes/securitycraft/reinforced_purple_stained_glass_pane_from_glass": {
    "criteria": {
      "has_glass": "2024-08-21 01:49:56 +0000"
    },
    "done": true
  },
  "cfm:recipes/cfm/oak_kitchen_drawer": {
    "criteria": {
      "has_chest": "2024-08-21 00:38:29 +0000"
    },
    "done": true
  },
  "minecraft:recipes/transportation/acacia_boat": {
    "criteria": {
      "in_water": "2024-07-26 17:03:04 +0000"
    },
    "done": true
  },
  "aquaculture:recipes/tools/iron_fishing_rod": {
    "criteria": {
      "has_vanilla_rod": "2024-07-26 16:59:56 +0000"
    },
    "done": true
  },
  "minecraft:recipes/decorations/birch_sign": {
    "criteria": {
      "has_planks": "2024-08-20 23:56:00 +0000"
    },
    "done": true
  },
  "minecraft:recipes/building_blocks/smooth_quartz_slab": {
    "criteria": {
      "has_smooth_quartz": "2024-07-26 17:05:39 +0000"
    },
    "done": true
  },
  "minecraft:recipes/building_blocks/ice_from_freezing": {
    "criteria": {
      "has_water": "2024-08-21 00:40:07 +0000"
    },
    "done": true
  },
  "framedblocks:recipes/framed_blocks/framed_sign": {
    "criteria": {
      "hasFramedBlock": "2024-07-27 11:31:42 +0000"
    },
    "done": true
  },
  "minecraft:adventure/root": {
    "criteria": {
      "killed_something": "2024-07-27 11:39:19 +0000"
    },
    "done": true
  },
  "securitycraft:recipes/securitycraft/reinforced_magenta_stained_glass_pane_from_glass": {
    "criteria": {
      "has_glass": "2024-08-21 01:49:56 +0000"
    },
    "done": true
  },
  "mcwfences:recipes/bamboo": {
    "criteria": {
      "has_bamboo": "2024-07-26 16:59:56 +0000"
    },
    "done": true
  },
  "aquaculture:recipes/decorations/acacia_fish_mount": {
    "criteria": {
      "has_items": "2024-07-26 16:59:56 +0000"
    },
    "done": true
  },
  "aquaculture:recipes/misc/brown_mushroom_from_fish": {
    "criteria": {
      "has_items": "2024-07-26 16:59:56 +0000"
    },
    "done": true
  },
  "cfm:recipes/cfm/acacia_kitchen_sink_dark": {
    "criteria": {
      "has_bucket": "2024-08-21 00:56:59 +0000"
    },
    "done": true
  },
  "minecraft:adventure/kill_all_mobs": {
    "criteria": {
      "minecraft:spider": "2024-07-27 11:39:19 +0000"
    },
    "done": false
  },
  "minecraft:recipes/building_blocks/chiseled_quartz_block_from_quartz_block_stonecutting": {
    "criteria": {
      "has_quartz_block": "2024-07-27 10:52:54 +0000"
    },
    "done": true
  },
  "paraglider:recipes/paraglider/cosmetic/deku_leaf": {
    "criteria": {
      "has_paragliders": "2024-08-19 09:16:06 +0000"
    },
    "done": true
  },
  "cfm:recipes/cfm/stripped_spruce_kitchen_sink_light": {
    "criteria": {
      "has_bucket": "2024-08-21 00:56:59 +0000"
    },
    "done": true
  },
  "securitycraft:recipes/securitycraft/reinforced_cyan_stained_glass_pane_from_dye": {
    "criteria": {
      "has_glass": "2024-08-21 01:49:56 +0000"
    },
    "done": true
  },
  "framedblocks:recipes/framed_blocks/framed_soul_torch": {
    "criteria": {
      "hasFramedBlock": "2024-07-27 11:31:42 +0000"
    },
    "done": true
  },
  "minecraft:recipes/building_blocks/cracked_nether_bricks": {
    "criteria": {
      "has_nether_bricks": "2024-08-21 00:49:39 +0000"
    },
    "done": true
  },
  "cfm:recipes/cfm/blue_kitchen_sink": {
    "criteria": {
      "has_bucket": "2024-08-21 00:56:59 +0000"
    },
    "done": true
  },
  "minecraft:recipes/building_blocks/quartz_pillar_from_quartz_block_stonecutting": {
    "criteria": {
      "has_quartz_block": "2024-07-27 10:52:54 +0000"
    },
    "done": true
  },
  "orcz:orczchallenge": {
    "criteria": {
      "orczchallenge": "2024-07-26 16:59:57 +0000"
    },
    "done": true
  },
  "minecraft:recipes/building_blocks/smooth_quartz": {
    "criteria": {
      "has_quartz_block": "2024-07-27 10:52:54 +0000"
    },
    "done": true
  },
  "minecraft:recipes/decorations/nether_brick_wall_from_nether_bricks_stonecutting": {
    "criteria": {
      "has_nether_bricks": "2024-08-21 00:49:39 +0000"
    },
    "done": true
  },
  "securitycraft:recipes/securitycraft/reinforced_light_gray_stained_glass_pane_from_glass": {
    "criteria": {
      "has_glass": "2024-08-21 01:49:56 +0000"
    },
    "done": true
  },
  "securitycraft:recipes/securitycraft/reinforced_yellow_stained_glass_pane_from_glass": {
    "criteria": {
      "has_glass": "2024-08-21 01:49:56 +0000"
    },
    "done": true
  },
  "whisperwoods:recipes/whisperwoods/hand_of_fate": {
    "criteria": {
      "has_blaze_powder": "2024-07-26 16:59:56 +0000"
    },
    "done": true
  },
  "framedblocks:recipes/framed_blocks/framing_saw": {
    "criteria": {
      "hasFramedBlock": "2024-07-27 11:31:42 +0000"
    },
    "done": true
  },
  "securitycraft:recipes/securitycraft/reinforced_gray_stained_glass": {
    "criteria": {
      "has_glass": "2024-08-21 01:49:56 +0000"
    },
    "done": true
  },
  "framedblocks:recipes/framed_blocks/framed_secret_storage": {
    "criteria": {
      "hasFramedBlock": "2024-07-27 11:31:42 +0000"
    },
    "done": true
  },
  "cfm:recipes/cfm/birch_table": {
    "criteria": {
      "has_planks": "2024-08-20 23:56:00 +0000"
    },
    "done": true
  },
  "mcwfences:recipes/deepslate": {
    "criteria": {
      "has_deepslate": "2024-07-26 16:59:56 +0000"
    },
    "done": true
  },
  "framedblocks:recipes/framed_blocks/framed_cube": {
    "criteria": {
      "hasPlanks": "2024-08-20 23:56:00 +0000"
    },
    "done": true
  },
  "cfm:recipes/cfm/stripped_crimson_kitchen_sink_light": {
    "criteria": {
      "has_bucket": "2024-08-21 00:56:59 +0000"
    },
    "done": true
  },
  "biomesoplenty:recipes/transportation/umbran_boat": {
    "criteria": {
      "in_water": "2024-07-26 17:03:04 +0000"
    },
    "done": true
  },
  "cfm:recipes/cfm/stripped_oak_kitchen_sink_dark": {
    "criteria": {
      "has_bucket": "2024-08-21 00:56:59 +0000"
    },
    "done": true
  },
  "cfm:recipes/cfm/crimson_kitchen_drawer": {
    "criteria": {
      "has_chest": "2024-08-21 00:38:29 +0000"
    },
    "done": true
  },
  "aquaculture:recipes/aquaculture/redstone_hook": {
    "criteria": {
      "has_items": "2024-07-26 16:59:57 +0000"
    },
    "done": true
  },
  "spartanweaponry:recipes/spartanweaponry.basic/wooden_battleaxe": {
    "criteria": {
      "has_wood": "2024-08-20 23:56:00 +0000"
    },
    "done": true
  },
  "spartanweaponry:recipes/spartanweaponry.basic/wooden_pike": {
    "criteria": {
      "has_wood": "2024-08-20 23:56:00 +0000"
    },
    "done": true
  },
  "cfm:recipes/cfm/stripped_spruce_kitchen_drawer": {
    "criteria": {
      "has_chest": "2024-08-21 00:38:29 +0000"
    },
    "done": true
  },
  "mcwbridges:recipes/nether_bricks_bridge_pier": {
    "criteria": {
      "has_planks": "2024-08-21 00:49:39 +0000"
    },
    "done": true
  },
  "cfm:recipes/cfm/pink_cooler": {
    "criteria": {
      "has_chest": "2024-08-21 00:38:30 +0000"
    },
    "done": true
  },
  "cfm:recipes/cfm/cyan_kitchen_drawer": {
    "criteria": {
      "has_chest": "2024-08-21 00:38:29 +0000"
    },
    "done": true
  },
  "minecraft:recipes/building_blocks/nether_brick_stairs_from_nether_bricks_stonecutting": {
    "criteria": {
      "has_nether_bricks": "2024-08-21 00:49:39 +0000"
    },
    "done": true
  },
  "decorative_blocks:recipes/decorative_blocks.general/rocky_dirt": {
    "criteria": {
      "has_dirt": "2024-07-27 14:28:13 +0000"
    },
    "done": true
  },
  "minecraft:recipes/redstone/birch_button": {
    "criteria": {
      "has_planks": "2024-08-20 23:56:00 +0000"
    },
    "done": true
  },
  "cfm:recipes/cfm/fridge_dark": {
    "criteria": {
      "has_chest": "2024-08-21 00:38:30 +0000"
    },
    "done": true
  },
  "cfm:recipes/cfm/crimson_kitchen_sink_dark": {
    "criteria": {
      "has_bucket": "2024-08-21 00:56:59 +0000"
    },
    "done": true
  },
  "minecraft:recipes/building_blocks/quartz_slab": {
    "criteria": {
      "has_quartz_pillar": "2024-07-26 17:05:33 +0000"
    },
    "done": true
  },
  "framedblocks:recipes/framed_blocks/framed_flower_pot": {
    "criteria": {
      "hasFramedBlock": "2024-07-27 11:31:42 +0000"
    },
    "done": true
  },
  "securitycraft:recipes/securitycraft/reinforced_black_stained_glass_pane_from_glass": {
    "criteria": {
      "has_glass": "2024-08-21 01:49:56 +0000"
    },
    "done": true
  },
  "framedblocks:recipes/framed_blocks/framed_wrench": {
    "criteria": {
      "hasFramedBlock": "2024-07-27 11:31:42 +0000"
    },
    "done": true
  },
  "cfm:recipes/cfm/blue_cooler": {
    "criteria": {
      "has_chest": "2024-08-21 00:38:30 +0000"
    },
    "done": true
  },
  "moguns:crayfish/root": {
    "criteria": {
      "tick": "2024-07-26 16:59:57 +0000"
    },
    "done": true
  },
  "cfm:recipes/cfm/birch_bedside_cabinet": {
    "criteria": {
      "has_planks": "2024-08-20 23:56:00 +0000"
    },
    "done": true
  },
  "mcwfences:recipes/warped": {
    "criteria": {
      "has_warped": "2024-07-26 16:59:56 +0000"
    },
    "done": true
  },
  "minecraft:recipes/decorations/red_nether_brick_wall_from_red_nether_bricks_stonecutting": {
    "criteria": {
      "has_red_nether_bricks": "2024-08-21 01:43:32 +0000"
    },
    "done": true
  },
  "mowziesmobs:root": {
    "criteria": {
      "custom_test_name": "2024-07-26 16:59:57 +0000"
    },
    "done": true
  },
  "cfm:recipes/cfm/acacia_kitchen_sink_light": {
    "criteria": {
      "has_bucket": "2024-08-21 00:56:59 +0000"
    },
    "done": true
  },
  "framedblocks:recipes/framed_blocks/framed_slab": {
    "criteria": {
      "hasFramedBlock": "2024-07-27 11:31:42 +0000"
    },
    "done": true
  },
  "cfm:recipes/cfm/blue_kitchen_drawer": {
    "criteria": {
      "has_chest": "2024-08-21 00:38:30 +0000"
    },
    "done": true
  },
  "cfm:recipes/cfm/cyan_kitchen_sink": {
    "criteria": {
      "has_bucket": "2024-08-21 00:56:59 +0000"
    },
    "done": true
  },
  "framedblocks:recipes/framed_blocks/framed_inner_prism": {
    "criteria": {
      "hasFramedSlope": "2024-07-27 11:31:10 +0000"
    },
    "done": true
  },
  "cfm:recipes/cfm/spruce_mail_box": {
    "criteria": {
      "has_chest": "2024-08-21 00:38:30 +0000"
    },
    "done": true
  },
  "cfm:recipes/cfm/green_kitchen_sink": {
    "criteria": {
      "has_bucket": "2024-08-21 00:56:59 +0000"
    },
    "done": true
  },
  "cfm:recipes/cfm/birch_desk_cabinet": {
    "criteria": {
      "has_planks": "2024-08-20 23:56:00 +0000"
    },
    "done": true
  },
  "cfm:recipes/cfm/purple_kitchen_drawer": {
    "criteria": {
      "has_chest": "2024-08-21 00:38:29 +0000"
    },
    "done": true
  },
  "minecraft:recipes/building_blocks/quartz_slab_from_stonecutting": {
    "criteria": {
      "has_quartz_block": "2024-07-27 10:52:54 +0000"
    },
    "done": true
  },
  "aquaculture:recipes/aquaculture/diamond_hook": {
    "criteria": {
      "has_items": "2024-07-26 16:59:56 +0000"
    },
    "done": true
  },
  "mcwbridges:recipes/birch_log_bridge_middle": {
    "criteria": {
      "has_planks": "2024-08-20 23:56:00 +0000"
    },
    "done": true
  },
  "minecraft:recipes/building_blocks/chiseled_quartz_block": {
    "criteria": {
      "has_quartz_pillar": "2024-07-26 17:05:33 +0000"
    },
    "done": true
  },
  "aquaculture:recipes/food/cooked_frog_legs_from_campfire": {
    "criteria": {
      "has_items": "2024-07-26 16:59:56 +0000"
    },
    "done": true
  },
  "cfm:recipes/cfm/stripped_acacia_kitchen_sink_dark": {
    "criteria": {
      "has_bucket": "2024-08-21 00:56:59 +0000"
    },
    "done": true
  },
  "framedblocks:recipes/framed_blocks/framed_fancy_rail_slope": {
    "criteria": {
      "hasFramedSlope": "2024-07-27 11:31:10 +0000"
    },
    "done": true
  },
  "minecraft:recipes/redstone/birch_fence_gate": {
    "criteria": {
      "has_planks": "2024-08-20 23:56:00 +0000"
    },
    "done": true
  },
  "cfm:recipes/cfm/orange_kitchen_drawer": {
    "criteria": {
      "has_chest": "2024-08-21 00:38:30 +0000"
    },
    "done": true
  },
  "framedblocks:recipes/framed_blocks/framed_slope": {
    "criteria": {
      "hasFramedBlock": "2024-07-27 11:31:42 +0000"
    },
    "done": true
  },
  "artifacts:amateur_archaeologist": {
    "criteria": {
      "find_artifact": "2024-07-27 14:16:30 +0000"
    },
    "done": true
  },
  "cfm:recipes/cfm/stripped_birch_mail_box": {
    "criteria": {
      "has_chest": "2024-08-21 00:38:30 +0000"
    },
    "done": true
  },
  "framedblocks:recipes/framed_blocks/framed_vertical_stairs": {
    "criteria": {
      "hasFramedBlock": "2024-07-27 11:31:42 +0000"
    },
    "done": true
  },
  "mcwbridges:recipes/birch_rail_bridge": {
    "criteria": {
      "has_planks": "2024-08-20 23:56:00 +0000"
    },
    "done": true
  },
  "framedblocks:recipes/framed_blocks/framed_detector_rail_slope": {
    "criteria": {
      "hasFramedSlope": "2024-07-27 11:31:10 +0000"
    },
    "done": true
  },
  "additionalguns:recipes/additionalguns/python": {
    "criteria": {
      "has_planks": "2024-08-20 23:56:00 +0000"
    },
    "done": true
  },
  "supplementaries:recipes/hanging_sign_minecraft/birch": {
    "criteria": {
      "has_plank": "2024-08-20 23:56:00 +0000"
    },
    "done": true
  },
  "framedblocks:recipes/framed_blocks/framed_ladder": {
    "criteria": {
      "hasFramedBlock": "2024-07-27 11:31:42 +0000"
    },
    "done": true
  },
  "minecraft:recipes/building_blocks/nether_brick_slab_from_nether_bricks_stonecutting": {
    "criteria": {
      "has_nether_bricks": "2024-08-21 00:49:39 +0000"
    },
    "done": true
  },
  "cfm:recipes/cfm/stripped_oak_mail_box": {
    "criteria": {
      "has_chest": "2024-08-21 00:38:30 +0000"
    },
    "done": true
  },
  "securitycraft:recipes/securitycraft/reinforced_blue_stained_glass": {
    "criteria": {
      "has_glass": "2024-08-21 01:49:56 +0000"
    },
    "done": true
  },
  "aquaculture:recipes/food/sushi": {
    "criteria": {
      "has_alt_items": "2024-07-26 16:59:56 +0000",
      "has_items": "2024-07-26 16:59:56 +0000"
    },
    "done": true
  },
  "betterdungeons:root": {
    "criteria": {
      "always": "2024-07-26 16:59:57 +0000"
    },
    "done": true
  },
  "framedblocks:recipes/framed_blocks/framed_inner_threeway_corner": {
    "criteria": {
      "hasFramedSlope": "2024-07-27 11:31:10 +0000"
    },
    "done": true
  },
  "securitycraft:recipes/securitycraft/reinforced_brown_stained_glass": {
    "criteria": {
      "has_glass": "2024-08-21 01:49:56 +0000"
    },
    "done": true
  },
  "explorerscompass:explorers_compass_cracked_stone_bricks": {
    "criteria": {
      "has_recipe": "2024-07-26 16:59:56 +0000",
      "has_cracked_stone_bricks": "2024-07-26 16:59:56 +0000"
    },
    "done": true
  },
  "minecraft:adventure/kill_a_mob": {
    "criteria": {
      "minecraft:spider": "2024-07-27 11:39:19 +0000"
    },
    "done": true
  },
  "framedblocks:recipes/framed_blocks/framed_gate": {
    "criteria": {
      "hasFramedBlock": "2024-07-27 11:31:42 +0000"
    },
    "done": true
  },
  "securitycraft:recipes/securitycraft/reinforced_orange_stained_glass_pane_from_dye": {
    "criteria": {
      "has_glass": "2024-08-21 01:49:56 +0000"
    },
    "done": true
  },
  "cfm:recipes/cfm/stripped_birch_kitchen_sink_dark": {
    "criteria": {
      "has_bucket": "2024-08-21 00:56:59 +0000"
    },
    "done": true
  },
  "mcwfences:recipes/blackstone": {
    "criteria": {
      "has_blackstone": "2024-07-26 16:59:57 +0000"
    },
    "done": true
  },
  "biomesoplenty:recipes/transportation/hellbark_boat": {
    "criteria": {
      "in_water": "2024-07-26 17:03:04 +0000"
    },
    "done": true
  },
  "moguns:weapons/root": {
    "criteria": {
      "tick": "2024-07-26 16:59:57 +0000"
    },
    "done": true
  },
  "minecraft:adventure/adventuring_time": {
    "criteria": {
      "minecraft:birch_forest": "2024-07-27 11:51:57 +0000",
      "minecraft:beach": "2024-08-19 09:16:12 +0000",
      "minecraft:dark_forest": "2024-07-27 14:27:12 +0000",
      "minecraft:river": "2024-07-27 14:26:04 +0000",
      "minecraft:old_growth_birch_forest": "2024-07-26 16:59:57 +0000"
    },
    "done": false
  },
  "spartanweaponry:recipes/spartanweaponry.basic/wooden_scythe": {
    "criteria": {
      "has_wood": "2024-08-20 23:56:00 +0000"
    },
    "done": true
  },
  "cfm:recipes/cfm/stripped_crimson_kitchen_sink_dark": {
    "criteria": {
      "has_bucket": "2024-08-21 00:56:59 +0000"
    },
    "done": true
  },
  "securitycraft:recipes/securitycraft/reinforced_smooth_quartz_slab_from_reinforced_smooth_quartz_stonecutting": {
    "criteria": {
      "has_reinforced_smooth_quartz": "2024-07-27 12:40:10 +0000"
    },
    "done": true
  },
  "spartanweaponry:recipes/spartanweaponry.basic/wooden_javelin": {
    "criteria": {
      "has_wood": "2024-08-20 23:56:00 +0000"
    },
    "done": true
  },
  "cfm:recipes/cfm/green_kitchen_drawer": {
    "criteria": {
      "has_chest": "2024-08-21 00:38:29 +0000"
    },
    "done": true
  },
  "minecraft:recipes/decorations/barrel": {
    "criteria": {
      "has_planks": "2024-08-20 23:56:00 +0000"
    },
    "done": true
  },
  "cfm:recipes/cfm/stripped_acacia_kitchen_sink_light": {
    "criteria": {
      "has_bucket": "2024-08-21 00:56:59 +0000"
    },
    "done": true
  },
  "minecraft:recipes/building_blocks/quartz_bricks": {
    "criteria": {
      "has_quartz_block": "2024-07-27 10:52:54 +0000"
    },
    "done": true
  },
  "framedblocks:recipes/framed_blocks/framed_blueprint": {
    "criteria": {
      "hasFramedBlock": "2024-07-27 11:31:42 +0000"
    },
    "done": true
  },
  "aquaculture:recipes/misc/bonemeal_from_fish_bones": {
    "criteria": {
      "has_items": "2024-07-26 16:59:56 +0000"
    },
    "done": true
  },
  "spartanweaponry:recipes/spartanweaponry.basic/wooden_saber": {
    "criteria": {
      "has_wood": "2024-08-20 23:56:00 +0000"
    },
    "done": true
  },
  "aquaculture:recipes/misc/gold_nugget_from_blasting": {
    "criteria": {
      "has_fishing_rod": "2024-07-26 16:59:56 +0000",
      "has_fillet_knife": "2024-07-26 16:59:56 +0000"
    },
    "done": true
  },
  "securitycraft:recipes/securitycraft/reinforced_magenta_stained_glass_pane_from_dye": {
    "criteria": {
      "has_glass": "2024-08-21 01:49:56 +0000"
    },
    "done": true
  },
  "cfm:recipes/cfm/light_gray_cooler": {
    "criteria": {
      "has_chest": "2024-08-21 00:38:30 +0000"
    },
    "done": true
  },
  "aquaculture:recipes/aquaculture/heavy_hook": {
    "criteria": {
      "has_items": "2024-07-26 16:59:56 +0000"
    },
    "done": true
  },
  "cfm:recipes/cfm/stripped_dark_oak_mail_box": {
    "criteria": {
      "has_chest": "2024-08-21 00:38:30 +0000"
    },
    "done": true
  },
  "framedblocks:recipes/framed_blocks/framed_fancy_detector_rail_slope": {
    "criteria": {
      "hasFramedSlope": "2024-07-27 11:31:10 +0000"
    },
    "done": true
  },
  "cfm:recipes/cfm/red_kitchen_drawer": {
    "criteria": {
      "has_chest": "2024-08-21 00:38:30 +0000"
    },
    "done": true
  },
  "cfm:recipes/cfm/light_blue_kitchen_drawer": {
    "criteria": {
      "has_chest": "2024-08-21 00:38:29 +0000"
    },
    "done": true
  },
  "spartanweaponry:recipes/spartanweaponry.basic/wooden_longsword": {
    "criteria": {
      "has_wood": "2024-08-20 23:56:00 +0000"
    },
    "done": true
  },
  "cfm:recipes/cfm/warped_kitchen_sink_light": {
    "criteria": {
      "has_bucket": "2024-08-21 00:56:59 +0000"
    },
    "done": true
  },
  "minecraft:recipes/decorations/red_stained_glass_pane": {
    "criteria": {
      "has_glass": "2024-08-21 01:49:56 +0000"
    },
    "done": true
  },
  "minecraft:recipes/building_blocks/quartz_bricks_from_quartz_block_stonecutting": {
    "criteria": {
      "has_quartz_block": "2024-07-27 10:52:54 +0000"
    },
    "done": true
  },
  "aquaculture:recipes/aquaculture/double_hook": {
    "criteria": {
      "has_items": "2024-07-26 16:59:56 +0000"
    },
    "done": true
  },
  "dungeons_arise:wda_root": {
    "criteria": {
      "WDA": "2024-07-26 16:59:57 +0000"
    },
    "done": true
  },
  "spartanweaponry:recipes/spartanweaponry.basic/wooden_tomahawk": {
    "criteria": {
      "has_wood": "2024-08-20 23:56:00 +0000"
    },
    "done": true
  },
  "cfm:recipes/cfm/stripped_dark_oak_kitchen_drawer": {
    "criteria": {
      "has_chest": "2024-08-21 00:38:29 +0000"
    },
    "done": true
  },
  "spartanweaponry:recipes/spartanweaponry.basic/wooden_heavy_crossbow": {
    "criteria": {
      "has_wood": "2024-08-20 23:56:00 +0000"
    },
    "done": true
  },
  "cfm:recipes/cfm/light_blue_cooler": {
    "criteria": {
      "has_chest": "2024-08-21 00:38:29 +0000"
    },
    "done": true
  },
  "mcwfences:recipes/dark_oak": {
    "criteria": {
      "has_dark_oak": "2024-07-26 16:59:56 +0000"
    },
    "done": true
  },
  "biomesoplenty:recipes/transportation/jacaranda_boat": {
    "criteria": {
      "in_water": "2024-07-26 17:03:04 +0000"
    },
    "done": true
  },
  "cfm:recipes/cfm/stripped_acacia_mail_box": {
    "criteria": {
      "has_chest": "2024-08-21 00:38:29 +0000"
    },
    "done": true
  },
  "framedblocks:recipes/framed_blocks/framed_activator_rail_slope": {
    "criteria": {
      "hasFramedSlope": "2024-07-27 11:31:10 +0000"
    },
    "done": true
  },
  "cfm:recipes/cfm/stripped_acacia_kitchen_drawer": {
    "criteria": {
      "has_chest": "2024-08-21 00:38:30 +0000"
    },
    "done": true
  },
  "cfm:recipes/cfm/jungle_kitchen_sink_dark": {
    "criteria": {
      "has_bucket": "2024-08-21 00:56:59 +0000"
    },
    "done": true
  },
  "spartanweaponry:recipes/spartanweaponry.basic/wooden_lance": {
    "criteria": {
      "has_wood": "2024-08-20 23:56:00 +0000"
    },
    "done": true
  },
  "cfm:recipes/cfm/purple_cooler": {
    "criteria": {
      "has_chest": "2024-08-21 00:38:30 +0000"
    },
    "done": true
  },
  "securitycraft:recipes/securitycraft/reinforced_pink_stained_glass_pane_from_glass": {
    "criteria": {
      "has_glass": "2024-08-21 01:49:56 +0000"
    },
    "done": true
  },
  "aquaculture:recipes/decorations/birch_fish_mount": {
    "criteria": {
      "has_items": "2024-07-26 16:59:56 +0000"
    },
    "done": true
  },
  "cfm:recipes/cfm/stripped_jungle_kitchen_drawer": {
    "criteria": {
      "has_chest": "2024-08-21 00:38:29 +0000"
    },
    "done": true
  },
  "cfm:recipes/cfm/birch_kitchen_drawer": {
    "criteria": {
      "has_planks": "2024-08-20 23:56:00 +0000"
    },
    "done": true
  },
  "spartanweaponry:recipes/spartanweaponry.basic/wooden_greatsword": {
    "criteria": {
      "has_wood": "2024-08-20 23:56:00 +0000"
    },
    "done": true
  },
  "cfm:recipes/cfm/stripped_spruce_kitchen_sink_dark": {
    "criteria": {
      "has_bucket": "2024-08-21 00:56:59 +0000"
    },
    "done": true
  },
  "aquaculture:recipes/aquaculture/bobber": {
    "criteria": {
      "has_items": "2024-07-26 16:59:56 +0000"
    },
    "done": true
  },
  "framedblocks:recipes/framed_blocks/framed_powered_rail_slope": {
    "criteria": {
      "hasFramedSlope": "2024-07-27 11:31:10 +0000"
    },
    "done": true
  },
  "cfm:recipes/cfm/light_blue_kitchen_sink": {
    "criteria": {
      "has_bucket": "2024-08-21 00:56:59 +0000"
    },
    "done": true
  },
  "ironchest:recipes/ironchest/upgrades/wood_to_copper_chest_upgrade": {
    "criteria": {
      "has_item": "2024-08-20 23:56:00 +0000"
    },
    "done": true
  },
  "securitycraft:recipes/securitycraft/reinforced_lime_stained_glass_pane_from_glass": {
    "criteria": {
      "has_glass": "2024-08-21 01:49:56 +0000"
    },
    "done": true
  },
  "byg:biomepedia_gift": {
    "criteria": {
      "tick": "2024-07-26 16:59:57 +0000"
    },
    "done": true
  },
  "sophisticatedstorage:recipes/sophisticatedstorage/birch_barrel": {
    "criteria": {
      "has_birch_plank": "2024-08-20 23:56:00 +0000"
    },
    "done": true
  },
  "cfm:recipes/cfm/black_cooler": {
    "criteria": {
      "has_chest": "2024-08-21 00:38:29 +0000"
    },
    "done": true
  },
  "framedblocks:recipes/framed_blocks/framed_item_frame": {
    "criteria": {
      "hasFramedCube": "2024-07-27 11:31:42 +0000"
    },
    "done": true
  },
  "cfm:recipes/cfm/birch_cabinet": {
    "criteria": {
      "has_planks": "2024-08-20 23:56:00 +0000"
    },
    "done": true
  },
  "securitycraft:recipes/securitycraft/reinforced_cyan_stained_glass_pane_from_glass": {
    "criteria": {
      "has_glass": "2024-08-21 01:49:56 +0000"
    },
    "done": true
  },
  "cfm:recipes/cfm/stripped_dark_oak_kitchen_sink_dark": {
    "criteria": {
      "has_bucket": "2024-08-21 00:56:59 +0000"
    },
    "done": true
  },
  "cfm:recipes/cfm/yellow_kitchen_sink": {
    "criteria": {
      "has_bucket": "2024-08-21 00:56:59 +0000"
    },
    "done": true
  },
  "cfm:recipes/cfm/birch_kitchen_sink_dark": {
    "criteria": {
      "has_bottom": "2024-08-20 23:56:00 +0000"
    },
    "done": true
  },
  "cfm:recipes/cfm/white_kitchen_sink": {
    "criteria": {
      "has_bucket": "2024-08-21 00:56:59 +0000"
    },
    "done": true
  },
  "minecraft:recipes/building_blocks/quartz_pillar": {
    "criteria": {
      "has_quartz_pillar": "2024-07-26 17:05:33 +0000"
    },
    "done": true
  },
  "cfm:recipes/cfm/stripped_dark_oak_kitchen_sink_light": {
    "criteria": {
      "has_bucket": "2024-08-21 00:56:59 +0000"
    },
    "done": true
  },
  "cfm:recipes/cfm/white_cooler": {
    "criteria": {
      "has_chest": "2024-08-21 00:38:29 +0000"
    },
    "done": true
  },
  "aquaculture:recipes/aquaculture/note_hook": {
    "criteria": {
      "has_items": "2024-07-26 16:59:56 +0000"
    },
    "done": true
  },
  "cfm:recipes/cfm/birch_kitchen_sink_light": {
    "criteria": {
      "has_bottom": "2024-08-20 23:56:00 +0000"
    },
    "done": true
  },
  "cfm:recipes/cfm/red_kitchen_sink": {
    "criteria": {
      "has_bucket": "2024-08-21 00:56:59 +0000"
    },
    "done": true
  },
  "framedblocks:recipes/framed_blocks/framed_hammer": {
    "criteria": {
      "hasFramedBlock": "2024-07-27 11:31:42 +0000"
    },
    "done": true
  },
  "biomesoplenty:recipes/transportation/willow_boat": {
    "criteria": {
      "in_water": "2024-07-26 17:03:04 +0000"
    },
    "done": true
  },
  "securitycraft:recipes/securitycraft/reinforced_green_stained_glass_pane_from_dye": {
    "criteria": {
      "has_glass": "2024-08-21 01:49:56 +0000"
    },
    "done": true
  },
  "cfm:recipes/cfm/stripped_warped_mail_box": {
    "criteria": {
      "has_chest": "2024-08-21 00:38:30 +0000"
    },
    "done": true
  },
  "minecraft:recipes/redstone/birch_pressure_plate": {
    "criteria": {
      "has_planks": "2024-08-20 23:56:00 +0000"
    },
    "done": true
  },
  "biomesoplenty:recipes/transportation/mahogany_boat": {
    "criteria": {
      "in_water": "2024-07-26 17:03:04 +0000"
    },
    "done": true
  },
  "securitycraft:recipes/securitycraft/reinforced_light_blue_stained_glass_pane_from_dye": {
    "criteria": {
      "has_glass": "2024-08-21 01:49:56 +0000"
    },
    "done": true
  },
  "framedblocks:recipes/framed_blocks/framed_slope_panel": {
    "criteria": {
      "hasFramedSlope": "2024-07-27 11:31:10 +0000"
    },
    "done": true
  },
  "minecraft:recipes/decorations/nether_brick_wall": {
    "criteria": {
      "has_nether_bricks": "2024-08-21 00:49:39 +0000"
    },
    "done": true
  },
  "securitycraft:recipes/securitycraft/reinforced_red_stained_glass_pane_from_glass": {
    "criteria": {
      "has_glass": "2024-08-21 01:49:56 +0000"
    },
    "done": true
  },
  "paraglider:recipes/paraglider/cosmetic/paraglider": {
    "criteria": {
      "has_paragliders": "2024-08-19 09:16:06 +0000"
    },
    "done": true
  },
  "ironchest:recipes/ironchest/chests/vanilla_dirt_chest": {
    "criteria": {
      "has_iron_ingot": "2024-07-27 14:28:13 +0000"
    },
    "done": true
  },
  "aquaculture:recipes/food/cooked_fish_fillet_from_campfire": {
    "criteria": {
      "has_items": "2024-07-26 16:59:56 +0000"
    },
    "done": true
  },
  "tconstruct:recipes/tconstruct/general/tables/scorched_forge": {
    "criteria": {
      "has_item": "2024-08-21 02:14:33 +0000"
    },
    "done": true
  },
  "explorerscompass:explorers_compass_cobweb": {
    "criteria": {
      "has_recipe": "2024-07-26 16:59:56 +0000",
      "has_cobweb": "2024-07-26 16:59:56 +0000"
    },
    "done": true
  },
  "biomesoplenty:recipes/transportation/dead_boat": {
    "criteria": {
      "in_water": "2024-07-26 17:03:04 +0000"
    },
    "done": true
  },
  "framedblocks:recipes/framed_blocks/framed_rail_slope": {
    "criteria": {
      "hasFramedSlope": "2024-07-27 11:31:10 +0000"
    },
    "done": true
  },
  "minecraft:recipes/transportation/spruce_boat": {
    "criteria": {
      "in_water": "2024-07-26 17:03:04 +0000"
    },
    "done": true
  },
  "framedblocks:recipes/framed_blocks/framed_fence": {
    "criteria": {
      "hasFramedBlock": "2024-07-27 11:31:42 +0000"
    },
    "done": true
  },
  "minecraft:recipes/tools/flint_and_steel": {
    "criteria": {
      "has_obsidian": "2024-08-21 02:34:29 +0000"
    },
    "done": true
  },
  "framedblocks:recipes/framed_blocks/framed_fancy_activator_rail": {
    "criteria": {
      "hasFramedBlock": "2024-07-27 11:31:42 +0000"
    },
    "done": true
  },
  "cfm:recipes/cfm/green_cooler": {
    "criteria": {
      "has_chest": "2024-08-21 00:38:29 +0000"
    },
    "done": true
  },
  "minecraft:recipes/building_blocks/quartz_stairs_from_quartz_block_stonecutting": {
    "criteria": {
      "has_quartz_block": "2024-07-27 10:52:54 +0000"
    },
    "done": true
  },
  "securitycraft:recipes/securitycraft/reinforced_blue_stained_glass_pane_from_dye": {
    "criteria": {
      "has_glass": "2024-08-21 01:49:56 +0000"
    },
    "done": true
  },
  "sophisticatedstorage:recipes/sophisticatedstorage/birch_limited_barrel_1": {
    "criteria": {
      "has_birch_plank": "2024-08-20 23:56:00 +0000"
    },
    "done": true
  },
  "aquaculture:recipes/food/cooked_frog_legs_from_smoking": {
    "criteria": {
      "has_items": "2024-07-26 16:59:56 +0000"
    },
    "done": true
  },
  "cfm:recipes/cfm/light_gray_kitchen_drawer": {
    "criteria": {
      "has_chest": "2024-08-21 00:38:29 +0000"
    },
    "done": true
  },
  "cfm:recipes/cfm/stripped_oak_kitchen_drawer": {
    "criteria": {
      "has_chest": "2024-08-21 00:38:30 +0000"
    },
    "done": true
  },
  "tconstruct:recipes/tconstruct/general/tables/tinkers_forge": {
    "criteria": {
      "has_item": "2024-08-21 02:14:33 +0000"
    },
    "done": true
  },
  "mcwfences:recipes/spruce": {
    "criteria": {
      "has_spruce": "2024-07-26 16:59:56 +0000"
    },
    "done": true
  },
  "farmersdelight:recipes/farmersdelight/steak_and_potatoes": {
    "criteria": {
      "has_baked_potato": "2024-08-21 00:40:36 +0000"
    },
    "done": true
  },
  "mcwfences:recipes/hedge": {
    "criteria": {
      "has_birch": "2024-07-26 16:59:56 +0000"
    },
    "done": true
  },
  "cfm:recipes/cfm/stripped_spruce_mail_box": {
    "criteria": {
      "has_chest": "2024-08-21 00:38:29 +0000"
    },
    "done": true
  },
  "cfm:recipes/cfm/birch_park_bench": {
    "criteria": {
      "has_planks": "2024-08-20 23:56:00 +0000"
    },
    "done": true
  },
  "minecraft:recipes/decorations/respawn_anchor": {
    "criteria": {
      "has_obsidian": "2024-08-21 02:34:27 +0000"
    },
    "done": true
  },
  "aquaculture:recipes/misc/neptunium_ingot_from_nuggets": {
    "criteria": {
      "has_items": "2024-07-26 16:59:56 +0000"
    },
    "done": true
  },
  "securitycraft:recipes/securitycraft/reinforced_light_gray_stained_glass": {
    "criteria": {
      "has_glass": "2024-08-21 01:49:56 +0000"
    },
    "done": true
  },
  "framedblocks:recipes/framed_blocks/framed_glowing_cube": {
    "criteria": {
      "hasFramedCube": "2024-07-27 11:31:42 +0000"
    },
    "done": true
  },
  "spartanweaponry:recipes/spartanweaponry.basic/wooden_glaive": {
    "criteria": {
      "has_wood": "2024-08-20 23:56:00 +0000"
    },
    "done": true
  },
  "minecraft:recipes/building_blocks/red_nether_brick_slab": {
    "criteria": {
      "has_red_nether_bricks": "2024-08-21 01:43:32 +0000"
    },
    "done": true
  },
  "cfm:recipes/cfm/oak_kitchen_sink_dark": {
    "criteria": {
      "has_bucket": "2024-08-21 00:56:59 +0000"
    },
    "done": true
  },
  "biomesoplenty:recipes/transportation/magic_boat": {
    "criteria": {
      "in_water": "2024-07-26 17:03:04 +0000"
    },
    "done": true
  },
  "minecraft:recipes/building_blocks/birch_slab": {
    "criteria": {
      "has_planks": "2024-08-20 23:56:00 +0000"
    },
    "done": true
  },
  "securitycraft:recipes/securitycraft/reinforced_light_blue_stained_glass_pane_from_glass": {
    "criteria": {
      "has_glass": "2024-08-21 01:49:56 +0000"
    },
    "done": true
  },
  "framedblocks:recipes/framed_blocks/framed_stone_button": {
    "criteria": {
      "hasFramedBlock": "2024-07-27 11:31:42 +0000"
    },
    "done": true
  },
  "farmersdelight:recipes/food/cooking/rabbit_stew": {
    "criteria": {
      "has_any_ingredient": "2024-08-21 00:40:36 +0000"
    },
    "done": true
  },
  "ironchest:recipes/ironchest/upgrades/gold_to_diamond_chest_upgrade": {
    "criteria": {
      "has_glass": "2024-08-21 01:49:56 +0000"
    },
    "done": true
  },
  "aquaculture:recipes/misc/gold_nugget_from_gold_fish": {
    "criteria": {
      "has_items": "2024-07-26 16:59:56 +0000"
    },
    "done": true
  },
  "ironchest:recipes/ironchest/chests/diamond_crystal_chest": {
    "criteria": {
      "has_glass": "2024-08-21 01:49:56 +0000"
    },
    "done": true
  },
  "sophisticatedstorage:recipes/sophisticatedstorage/birch_limited_barrel_3": {
    "criteria": {
      "has_birch_plank": "2024-08-20 23:56:00 +0000"
    },
    "done": true
  },
  "sophisticatedstorage:recipes/sophisticatedstorage/birch_limited_barrel_2": {
    "criteria": {
      "has_birch_plank": "2024-08-20 23:56:00 +0000"
    },
    "done": true
  },
  "aquaculture:recipes/food/cooked_fish_fillet_from_smoking": {
    "criteria": {
      "has_items": "2024-07-26 16:59:56 +0000"
    },
    "done": true
  },
  "framedblocks:recipes/framed_blocks/framed_half_slope": {
    "criteria": {
      "hasFramedSlope": "2024-07-27 11:31:10 +0000"
    },
    "done": true
  },
  "ironchest:recipes/ironchest/upgrades/copper_to_iron_chest_upgrade": {
    "criteria": {
      "has_item": "2024-08-21 01:49:56 +0000"
    },
    "done": true
  },
  "sophisticatedstorage:recipes/sophisticatedstorage/birch_limited_barrel_4": {
    "criteria": {
      "has_birch_plank": "2024-08-20 23:56:00 +0000"
    },
    "done": true
  },
  "chiselsandbits:recipes/chiselsandbits/wrench": {
    "criteria": {
      "has_p": "2024-08-20 23:56:00 +0000"
    },
    "done": true
  },
  "cfm:recipes/cfm/gray_cooler": {
    "criteria": {
      "has_chest": "2024-08-21 00:38:30 +0000"
    },
    "done": true
  },
  "cfm:recipes/cfm/cyan_cooler": {
    "criteria": {
      "has_chest": "2024-08-21 00:38:30 +0000"
    },
    "done": true
  },
  "aquaculture:recipes/misc/neptunium_ingot_from_neptunium_block": {
    "criteria": {
      "has_items": "2024-07-26 16:59:56 +0000"
    },
    "done": true
  },
  "framedblocks:recipes/framed_blocks/framed_one_way_window": {
    "criteria": {
      "hasFramedBlock": "2024-07-27 11:31:42 +0000"
    },
    "done": true
  },
  "cfm:recipes/cfm/dark_oak_mail_box": {
    "criteria": {
      "has_chest": "2024-08-21 00:38:30 +0000"
    },
    "done": true
  },
  "framedblocks:recipes/framed_blocks/framed_door": {
    "criteria": {
      "hasFramedBlock": "2024-07-27 11:31:42 +0000"
    },
    "done": true
  },
  "aquaculture:recipes/aquaculture/light_hook": {
    "criteria": {
      "has_items": "2024-07-26 16:59:56 +0000"
    },
    "done": true
  },
  "framedblocks:recipes/framed_blocks/framed_obsidian_pressure_plate": {
    "criteria": {
      "hasFramedBlock": "2024-07-27 11:31:42 +0000"
    },
    "done": true
  },
  "securitycraft:recipes/securitycraft/reinforced_green_stained_glass_pane_from_glass": {
    "criteria": {
      "has_glass": "2024-08-21 01:49:56 +0000"
    },
    "done": true
  },
  "spartanweaponry:recipes/spartanweaponry.basic/wooden_spear": {
    "criteria": {
      "has_wood": "2024-08-20 23:56:00 +0000"
    },
    "done": true
  },
  "securitycraft:recipes/securitycraft/reinforced_gray_stained_glass_pane_from_glass": {
    "criteria": {
      "has_glass": "2024-08-21 01:49:56 +0000"
    },
    "done": true
  },
  "securitycraft:recipes/securitycraft/reinforced_gray_stained_glass_pane_from_dye": {
    "criteria": {
      "has_glass": "2024-08-21 01:49:56 +0000"
    },
    "done": true
  },
  "framedblocks:recipes/framed_blocks/framed_inner_corner_slope": {
    "criteria": {
      "hasFramedSlope": "2024-07-27 11:31:10 +0000"
    },
    "done": true
  },
  "minecraft:husbandry/root": {
    "criteria": {
      "consumed_item": "2024-07-27 14:18:52 +0000"
    },
    "done": true
  },
  "cfm:recipes/cfm/orange_kitchen_sink": {
    "criteria": {
      "has_bucket": "2024-08-21 00:56:59 +0000"
    },
    "done": true
  },
  "mcwfences:recipes/nether": {
    "criteria": {
      "has_nether_brick": "2024-07-26 16:59:56 +0000"
    },
    "done": true
  },
  "minecraft:recipes/transportation/birch_boat": {
    "criteria": {
      "in_water": "2024-07-26 17:03:04 +0000"
    },
    "done": true
  },
  "paraglider:paraglider": {
    "criteria": {
      "paraglider": "2024-08-19 09:16:06 +0000"
    },
    "done": true
  },
  "framedblocks:recipes/framed_blocks/framed_stairs": {
    "criteria": {
      "hasFramedBlock": "2024-07-27 11:31:42 +0000"
    },
    "done": true
  },
  "securitycraft:recipes/securitycraft/reinforced_brown_stained_glass_pane_from_dye": {
    "criteria": {
      "has_glass": "2024-08-21 01:49:56 +0000"
    },
    "done": true
  },
  "minecraft:recipes/decorations/enchanting_table": {
    "criteria": {
      "has_obsidian": "2024-08-21 02:34:29 +0000"
    },
    "done": true
  },
  "trashcans:recipes/decorations/liquid_trash_can": {
    "criteria": {
      "recipe_condition": "2024-08-21 00:56:59 +0000"
    },
    "done": true
  },
  "aquaculture:recipes/tools/diamond_fishing_rod": {
    "criteria": {
      "has_vanilla_rod": "2024-07-26 16:59:56 +0000"
    },
    "done": true
  },
  "aquaculture:recipes/misc/red_mushroom_from_fish": {
    "criteria": {
      "has_items": "2024-07-26 16:59:56 +0000"
    },
    "done": true
  },
  "mcwfences:recipes/crimson": {
    "criteria": {
      "has_crimson": "2024-07-26 16:59:56 +0000"
    },
    "done": true
  },
  "cfm:recipes/cfm/stripped_warped_kitchen_sink_light": {
    "criteria": {
      "has_bucket": "2024-08-21 00:56:59 +0000"
    },
    "done": true
  },
  "mcwfences:recipes/prismarine": {
    "criteria": {
      "has_qq": "2024-07-26 16:59:56 +0000"
    },
    "done": true
  },
  "cfm:recipes/cfm/black_kitchen_drawer": {
    "criteria": {
      "has_chest": "2024-08-21 00:38:30 +0000"
    },
    "done": true
  },
  "farmersdelight:main/root": {
    "criteria": {
      "seeds": "2024-07-26 16:59:56 +0000"
    },
    "done": true
  },
  "framedblocks:recipes/framed_blocks/framed_slope_slab": {
    "criteria": {
      "hasFramedSlope": "2024-07-27 11:31:10 +0000"
    },
    "done": true
  },
  "chiselsandbits:recipes/chiselsandbits/modification_table": {
    "criteria": {
      "has_p": "2024-08-20 23:56:00 +0000"
    },
    "done": true
  },
  "securitycraft:recipes/securitycraft/reinforced_yellow_stained_glass": {
    "criteria": {
      "has_glass": "2024-08-21 01:49:56 +0000"
    },
    "done": true
  },
  "aquaculture:recipes/misc/iron_nugget_from_blasting": {
    "criteria": {
      "has_fishing_rod": "2024-07-26 16:59:57 +0000",
      "has_fillet_knife": "2024-07-26 16:59:57 +0000"
    },
    "done": true
  },
  "mcwfences:recipes/quartz": {
    "criteria": {
      "has_qq": "2024-07-26 16:59:56 +0000"
    },
    "done": true
  },
  "aquaculture:recipes/building_blocks/planks_from_driftwood": {
    "criteria": {
      "has_items": "2024-07-26 16:59:56 +0000"
    },
    "done": true
  },
  "framedblocks:recipes/framed_blocks/framed_torch": {
    "criteria": {
      "hasFramedBlock": "2024-07-27 11:31:42 +0000"
    },
    "done": true
  },
  "cfm:recipes/cfm/crimson_mail_box": {
    "criteria": {
      "has_chest": "2024-08-21 00:38:30 +0000"
    },
    "done": true
  },
  "cfm:recipes/cfm/jungle_mail_box": {
    "criteria": {
      "has_chest": "2024-08-21 00:38:30 +0000"
    },
    "done": true
  },
  "create:recipes/create.palettes/birch_window": {
    "criteria": {
      "has_ingredient": "2024-08-20 23:56:00 +0000"
    },
    "done": true
  },
  "securitycraft:recipes/securitycraft/reinforced_smooth_quartz_stairs_from_reinforced_smooth_quartz_stonecutting": {
    "criteria": {
      "has_reinforced_smooth_quartz": "2024-07-27 12:40:10 +0000"
    },
    "done": true
  },
  "framedblocks:recipes/framed_blocks/framed_chest": {
    "criteria": {
      "hasFramedBlock": "2024-07-27 11:31:42 +0000"
    },
    "done": true
  },
  "supplementaries:recipes/sign_post_minecraft/birch": {
    "criteria": {
      "has_plank": "2024-08-20 23:56:00 +0000"
    },
    "done": true
  },
  "minecraft:recipes/redstone/birch_door": {
    "criteria": {
      "has_planks": "2024-08-20 23:56:00 +0000"
    },
    "done": true
  },
  "additionalguns:recipes/additionalguns/over_under": {
    "criteria": {
      "has_planks": "2024-08-20 23:56:00 +0000"
    },
    "done": true
  },
  "framedblocks:recipes/framed_blocks/framed_pyramid_slab": {
    "criteria": {
      "hasFramedSlope": "2024-07-27 11:31:10 +0000"
    },
    "done": true
  },
  "create:root": {
    "criteria": {
      "0": "2024-07-26 16:59:56 +0000"
    },
    "done": true
  },
  "naturescompass:natures_compass_log": {
    "criteria": {
      "has_recipe": "2024-07-26 16:59:56 +0000"
    },
    "done": true
  },
  "cfm:recipes/cfm/warped_kitchen_drawer": {
    "criteria": {
      "has_chest": "2024-08-21 00:38:29 +0000"
    },
    "done": true
  },
  "framedblocks:recipes/framed_blocks/framed_pane": {
    "criteria": {
      "hasFramedBlock": "2024-07-27 11:31:42 +0000"
    },
    "done": true
  },
  "framedblocks:recipes/framed_blocks/framed_inner_prism_corner": {
    "criteria": {
      "hasFramedSlope": "2024-07-27 11:31:10 +0000"
    },
    "done": true
  },
  "aquaculture:recipes/aquaculture/fishing_line": {
    "criteria": {
      "has_items": "2024-07-26 16:59:56 +0000"
    },
    "done": true
  },
  "minecraft:recipes/transportation/oak_boat": {
    "criteria": {
      "in_water": "2024-07-26 17:03:04 +0000"
    },
    "done": true
  },
  "aquaculture:recipes/misc/neptinium_ingot_from_blasting": {
    "criteria": {
      "has_leggings": "2024-07-26 16:59:56 +0000",
      "has_axe": "2024-07-26 16:59:56 +0000",
      "has_helmet": "2024-07-26 16:59:56 +0000",
      "has_fishing_rod": "2024-07-26 16:59:57 +0000",
      "has_bow": "2024-07-26 16:59:56 +0000",
      "has_chestplate": "2024-07-26 16:59:57 +0000",
      "has_sword": "2024-07-26 16:59:57 +0000",
      "has_fillet_knife": "2024-07-26 16:59:56 +0000",
      "has_shovel": "2024-07-26 16:59:57 +0000",
      "has_hoe": "2024-07-26 16:59:56 +0000",
      "has_boots": "2024-07-26 16:59:56 +0000",
      "has_pickaxe": "2024-07-26 16:59:57 +0000"
    },
    "done": true
  },
  "framedblocks:recipes/framed_blocks/framed_collapsible_block": {
    "criteria": {
      "hasFramedBlock": "2024-07-27 11:31:42 +0000"
    },
    "done": true
  },
  "cfm:recipes/cfm/stripped_warped_kitchen_drawer": {
    "criteria": {
      "has_chest": "2024-08-21 00:38:29 +0000"
    },
    "done": true
  },
  "minecraft:recipes/decorations/birch_fence": {
    "criteria": {
      "has_planks": "2024-08-20 23:56:00 +0000"
    },
    "done": true
  },
  "framedblocks:recipes/framed_blocks/framed_bouncy_cube": {
    "criteria": {
      "hasFramedBlock": "2024-07-27 11:31:42 +0000"
    },
    "done": true
  },
  "securitycraft:recipes/securitycraft/reinforced_smooth_quartz_stairs": {
    "criteria": {
      "has_block": "2024-07-27 12:40:10 +0000"
    },
    "done": true
  },
  "mcwroofs:recipes/nether_bricks": {
    "criteria": {
      "has_planks": "2024-08-21 00:49:39 +0000"
    },
    "done": true
  },
  "cfm:recipes/cfm/stripped_oak_kitchen_sink_light": {
    "criteria": {
      "has_bucket": "2024-08-21 00:56:59 +0000"
    },
    "done": true
  },
  "cfm:recipes/cfm/lime_cooler": {
    "criteria": {
      "has_chest": "2024-08-21 00:38:29 +0000"
    },
    "done": true
  },
  "cfm:recipes/cfm/acacia_mail_box": {
    "criteria": {
      "has_chest": "2024-08-21 00:38:29 +0000"
    },
    "done": true
  },
  "cfm:recipes/cfm/warped_mail_box": {
    "criteria": {
      "has_chest": "2024-08-21 00:38:30 +0000"
    },
    "done": true
  },
  "aquaculture:recipes/misc/tin_can_to_iron_nugget_from_blasting": {
    "criteria": {
      "has_items": "2024-07-26 16:59:56 +0000"
    },
    "done": true
  },
  "securitycraft:recipes/securitycraft/reinforced_cyan_stained_glass": {
    "criteria": {
      "has_glass": "2024-08-21 01:49:56 +0000"
    },
    "done": true
  },
  "cfm:recipes/cfm/stripped_crimson_mail_box": {
    "criteria": {
      "has_chest": "2024-08-21 00:38:29 +0000"
    },
    "done": true
  },
  "minecraft:recipes/building_blocks/chiseled_nether_bricks_from_nether_bricks_stonecutting": {
    "criteria": {
      "has_nether_bricks": "2024-08-21 00:49:39 +0000"
    },
    "done": true
  },
  "aquaculture:recipes/food/cooked_frog_legs": {
    "criteria": {
      "has_items": "2024-07-26 16:59:56 +0000"
    },
    "done": true
  },
  "cfm:recipes/cfm/stripped_warped_kitchen_sink_dark": {
    "criteria": {
      "has_bucket": "2024-08-21 00:56:59 +0000"
    },
    "done": true
  },
  "biomesoplenty:recipes/transportation/palm_boat": {
    "criteria": {
      "in_water": "2024-07-26 17:03:04 +0000"
    },
    "done": true
  },
  "mcwbridges:recipes/rope_birch_bridge": {
    "criteria": {
      "has_planks": "2024-08-20 23:56:00 +0000"
    },
    "done": true
  },
  "minecraft:recipes/building_blocks/red_nether_brick_stairs": {
    "criteria": {
      "has_red_nether_bricks": "2024-08-21 01:43:32 +0000"
    },
    "done": true
  },
  "mcwfences:recipes/sandstone": {
    "criteria": {
      "has_sand": "2024-07-26 16:59:56 +0000"
    },
    "done": true
  },
  "biomesoplenty:recipes/transportation/redwood_boat": {
    "criteria": {
      "in_water": "2024-07-26 17:03:04 +0000"
    },
    "done": true
  },
  "aquaculture:recipes/food/cooked_fish_fillet": {
    "criteria": {
      "has_items": "2024-07-26 16:59:56 +0000"
    },
    "done": true
  },
  "cfm:recipes/cfm/magenta_kitchen_sink": {
    "criteria": {
      "has_bucket": "2024-08-21 00:56:59 +0000"
    },
    "done": true
  },
  "cfm:recipes/cfm/stripped_birch_kitchen_drawer": {
    "criteria": {
      "has_chest": "2024-08-21 00:38:30 +0000"
    },
    "done": true
  },
  "securitycraft:recipes/securitycraft/reinforced_glass_pane": {
    "criteria": {
      "has_glass": "2024-08-21 01:49:56 +0000"
    },
    "done": true
  },
  "securitycraft:recipes/securitycraft/reinforced_brown_stained_glass_pane_from_glass": {
    "criteria": {
      "has_glass": "2024-08-21 01:49:56 +0000"
    },
    "done": true
  },
  "framedblocks:recipes/framed_blocks/framed_fancy_detector_rail": {
    "criteria": {
      "hasFramedBlock": "2024-07-27 11:31:42 +0000"
    },
    "done": true
  },
  "cfm:recipes/cfm/stripped_jungle_mail_box": {
    "criteria": {
      "has_chest": "2024-08-21 00:38:30 +0000"
    },
    "done": true
  },
  "minecraft:recipes/misc/nether_brick": {
    "criteria": {
      "has_netherrack": "2024-08-21 02:23:30 +0000"
    },
    "done": true
  },
  "securitycraft:recipes/securitycraft/reinforced_yellow_stained_glass_pane_from_dye": {
    "criteria": {
      "has_glass": "2024-08-21 01:49:56 +0000"
    },
    "done": true
  },
  "cfm:recipes/cfm/birch_kitchen_counter": {
    "criteria": {
      "has_planks": "2024-08-20 23:56:00 +0000"
    },
    "done": true
  },
  "aquaculture:recipes/aquaculture/gold_hook": {
    "criteria": {
      "has_items": "2024-07-26 16:59:56 +0000"
    },
    "done": true
  },
  "mcwbridges:recipes/nether_bricks_bridge": {
    "criteria": {
      "has_planks": "2024-08-21 00:49:39 +0000"
    },
    "done": true
  },
  "tombstone:adventure/root": {
    "criteria": {
      "auto": "2024-07-26 16:59:57 +0000"
    },
    "done": true
  },
  "sophisticatedstorage:recipes/sophisticatedstorage/oak_chest_from_vanilla_chest": {
    "criteria": {
      "has_vanilla_chest": "2024-08-21 00:38:29 +0000"
    },
    "done": true
  },
  "cataclysm:root": {
    "criteria": {
      "custom_test_name": "2024-07-26 16:59:57 +0000"
    },
    "done": true
  },
  "cfm:recipes/cfm/oak_mail_box": {
    "criteria": {
      "has_chest": "2024-08-21 00:38:30 +0000"
    },
    "done": true
  },
  "ironchest:recipes/ironchest/upgrades/diamond_to_obsidian_chest_upgrade": {
    "criteria": {
      "has_glass": "2024-08-21 01:49:56 +0000"
    },
    "done": true
  },
  "cfm:recipes/cfm/birch_coffee_table": {
    "criteria": {
      "has_planks": "2024-08-20 23:56:00 +0000"
    },
    "done": true
  },
  "cfm:recipes/cfm/white_kitchen_drawer": {
    "criteria": {
      "has_chest": "2024-08-21 00:38:30 +0000"
    },
    "done": true
  },
  "mcwbridges:recipes/nether_bricks_bridge_stair": {
    "criteria": {
      "has_planks": "2024-08-21 00:49:39 +0000"
    },
    "done": true
  },
  "mcwtrpdoors:recipes/birch_blossom_trapdoor": {
    "criteria": {
      "has_plankss": "2024-08-20 23:56:00 +0000"
    },
    "done": true
  },
  "mcwfences:recipes/birch": {
    "criteria": {
      "has_birch": "2024-07-26 16:59:56 +0000"
    },
    "done": true
  },
  "framedblocks:recipes/framed_blocks/framed_lattice_block": {
    "criteria": {
      "hasFramedBlock": "2024-07-27 11:31:42 +0000"
    },
    "done": true
  },
  "securitycraft:recipes/securitycraft/reinforced_black_stained_glass": {
    "criteria": {
      "has_glass": "2024-08-21 01:49:56 +0000"
    },
    "done": true
  },
  "cfm:recipes/cfm/birch_chair": {
    "criteria": {
      "has_planks": "2024-08-20 23:56:00 +0000"
    },
    "done": true
  },
  "biomesoplenty:biomesoplenty/root": {
    "criteria": {
      "clover_patch": "2024-07-26 17:04:51 +0000"
    },
    "done": true
  },
  "mcwroofs:recipes/red_nether_bricks": {
    "criteria": {
      "has_planks": "2024-08-21 01:43:32 +0000"
    },
    "done": true
  },
  "aquaculture:recipes/misc/tin_can_to_iron_nugget": {
    "criteria": {
      "has_items": "2024-07-26 16:59:56 +0000"
    },
    "done": true
  },
  "sophisticatedstorage:recipes/sophisticatedstorage/birch_chest": {
    "criteria": {
      "has_birch_plank": "2024-08-20 23:56:00 +0000"
    },
    "done": true
  },
  "minecraft:recipes/building_blocks/smooth_quartz_stairs": {
    "criteria": {
      "has_smooth_quartz": "2024-07-26 17:05:39 +0000"
    },
    "done": true
  },
  "decorative_blocks:recipes/decorative_blocks.general/birch_support": {
    "criteria": {
      "has_plank": "2024-08-20 23:56:00 +0000"
    },
    "done": true
  },
  "chiselsandbits:recipes/chiselsandbits/bit_storage": {
    "criteria": {
      "has_g": "2024-08-21 01:49:56 +0000"
    },
    "done": true
  },
  "cfm:recipes/cfm/lime_kitchen_sink": {
    "criteria": {
      "has_bucket": "2024-08-21 00:56:59 +0000"
    },
    "done": true
  },
  "cfm:recipes/cfm/warped_kitchen_sink_dark": {
    "criteria": {
      "has_bucket": "2024-08-21 00:56:59 +0000"
    },
    "done": true
  },
  "cfm:recipes/cfm/magenta_cooler": {
    "criteria": {
      "has_chest": "2024-08-21 00:38:29 +0000"
    },
    "done": true
  },
  "framedblocks:recipes/framed_blocks/framed_reinforcement": {
    "criteria": {
      "hasFramedBlock": "2024-07-27 11:31:42 +0000"
    },
    "done": true
  },
  "trashcans:recipes/decorations/item_trash_can": {
    "criteria": {
      "recipe_condition": "2024-08-21 00:38:29 +0000"
    },
    "done": true
  },
  "minecraft:story/form_obsidian": {
    "criteria": {
      "obsidian": "2024-08-21 02:34:29 +0000"
    },
    "done": true
  },
  "cfm:recipes/cfm/orange_cooler": {
    "criteria": {
      "has_chest": "2024-08-21 00:38:29 +0000"
    },
    "done": true
  },
  "minecraft:recipes/misc/netherite_ingot_from_netherite_block": {
    "criteria": {
      "has_netherite_block": "2024-08-21 02:14:33 +0000"
    },
    "done": true
  },
  "securitycraft:recipes/securitycraft/reinforced_light_gray_stained_glass_pane_from_dye": {
    "criteria": {
      "has_glass": "2024-08-21 01:49:56 +0000"
    },
    "done": true
  },
  "ironchest:recipes/ironchest/upgrades/diamond_to_crystal_chest_upgrade": {
    "criteria": {
      "has_glass": "2024-08-21 01:49:56 +0000"
    },
    "done": true
  },
  "framedblocks:recipes/framed_blocks/framed_fancy_activator_rail_slope": {
    "criteria": {
      "hasFramedSlope": "2024-07-27 11:31:10 +0000"
    },
    "done": true
  },
  "framedblocks:recipes/framed_blocks/framed_threeway_corner": {
    "criteria": {
      "hasFramedSlope": "2024-07-27 11:31:10 +0000"
    },
    "done": true
  },
  "cfm:recipes/cfm/light_gray_kitchen_sink": {
    "criteria": {
      "has_bucket": "2024-08-21 00:56:59 +0000"
    },
    "done": true
  },
  "cfm:recipes/cfm/acacia_kitchen_drawer": {
    "criteria": {
      "has_chest": "2024-08-21 00:38:29 +0000"
    },
    "done": true
  },
  "securitycraft:recipes/securitycraft/reinforced_magenta_stained_glass": {
    "criteria": {
      "has_glass": "2024-08-21 01:49:56 +0000"
    },
    "done": true
  },
  "byg:root": {
    "criteria": {
      "tick": "2024-07-26 16:59:57 +0000"
    },
    "done": true
  },
  "aquaculture:recipes/misc/iron_nugget_from_smelting": {
    "criteria": {
      "has_fishing_rod": "2024-07-26 16:59:56 +0000",
      "has_fillet_knife": "2024-07-26 16:59:56 +0000"
    },
    "done": true
  },
  "aquaculture:recipes/decorations/oak_fish_mount": {
    "criteria": {
      "has_items": "2024-07-26 16:59:56 +0000"
    },
    "done": true
  },
  "farmersdelight:recipes/farmersdelight/stuffed_potato": {
    "criteria": {
      "has_baked_potato": "2024-08-21 00:40:36 +0000"
    },
    "done": true
  },
  "securitycraft:recipes/securitycraft/reinforced_pink_stained_glass": {
    "criteria": {
      "has_glass": "2024-08-21 01:49:56 +0000"
    },
    "done": true
  },
  "aquaculture:recipes/decorations/dark_oak_fish_mount": {
    "criteria": {
      "has_items": "2024-07-26 16:59:56 +0000"
    },
    "done": true
  },
  "cfm:recipes/cfm/jungle_kitchen_drawer": {
    "criteria": {
      "has_chest": "2024-08-21 00:38:29 +0000"
    },
    "done": true
  },
  "cfm:recipes/cfm/brown_kitchen_sink": {
    "criteria": {
      "has_bucket": "2024-08-21 00:56:59 +0000"
    },
    "done": true
  },
  "minecraft:recipes/building_blocks/smooth_quartz_stairs_from_smooth_quartz_stonecutting": {
    "criteria": {
      "has_smooth_quartz": "2024-07-26 17:05:39 +0000"
    },
    "done": true
  },
  "framedblocks:recipes/framed_blocks/framed_redstone_block": {
    "criteria": {
      "hasFramedBlock": "2024-07-27 11:31:42 +0000"
    },
    "done": true
  },
  "byg:husbandry/root": {
    "criteria": {
      "consumed_item": "2024-07-27 14:18:52 +0000"
    },
    "done": true
  },
  "securitycraft:recipes/securitycraft/reinforced_purple_stained_glass": {
    "criteria": {
      "has_glass": "2024-08-21 01:49:56 +0000"
    },
    "done": true
  },
  "chiselsandbits:recipes/chiselsandbits/magnifying_glass": {
    "criteria": {
      "has_g": "2024-08-21 01:49:56 +0000"
    },
    "done": true
  },
  "minecraft:recipes/decorations/nether_brick_fence": {
    "criteria": {
      "has_nether_bricks": "2024-08-21 00:49:39 +0000"
    },
    "done": true
  },
  "cfm:recipes/cfm/birch_mail_box": {
    "criteria": {
      "has_chest": "2024-08-21 00:38:29 +0000"
    },
    "done": true
  },
  "securitycraft:recipes/securitycraft/reinforced_smooth_quartz_slab": {
    "criteria": {
      "has_block": "2024-07-27 12:40:10 +0000"
    },
    "done": true
  },
  "cfm:recipes/cfm/stripped_crimson_kitchen_drawer": {
    "criteria": {
      "has_chest": "2024-08-21 00:38:30 +0000"
    },
    "done": true
  },
  "minecraft:recipes/building_blocks/red_nether_brick_stairs_from_red_nether_bricks_stonecutting": {
    "criteria": {
      "has_red_nether_bricks": "2024-08-21 01:43:32 +0000"
    },
    "done": true
  },
  "securitycraft:recipes/securitycraft/reinforced_pink_stained_glass_pane_from_dye": {
    "criteria": {
      "has_glass": "2024-08-21 01:49:56 +0000"
    },
    "done": true
  },
  "betteranimalsplus:root": {
    "criteria": {
      "tick": "2024-07-26 16:59:57 +0000"
    },
    "done": true
  },
  "spartanweaponry:recipes/spartanweaponry.basic/wooden_parrying_dagger": {
    "criteria": {
      "has_wood": "2024-08-20 23:56:00 +0000"
    },
    "done": true
  },
  "cfm:recipes/cfm/spruce_kitchen_sink_light": {
    "criteria": {
      "has_bucket": "2024-08-21 00:56:59 +0000"
    },
    "done": true
  },
  "explorerscompass:explorers_compass": {
    "criteria": {
      "has_compass": "2024-07-26 16:59:56 +0000"
    },
    "done": true
  },
  "securitycraft:recipes/securitycraft/reinforced_lime_stained_glass_pane_from_dye": {
    "criteria": {
      "has_glass": "2024-08-21 01:49:56 +0000"
    },
    "done": true
  },
  "ironfurnaces:coal": {
    "criteria": {
      "rainbowcoal": "2024-07-26 16:59:56 +0000"
    },
    "done": true
  },
  "minecraft:recipes/transportation/jungle_boat": {
    "criteria": {
      "in_water": "2024-07-26 17:03:04 +0000"
    },
    "done": true
  },
  "framedblocks:recipes/framed_blocks/framed_bars": {
    "criteria": {
      "hasFramedBlock": "2024-07-27 11:31:42 +0000"
    },
    "done": true
  },
  "cfm:recipes/cfm/pink_kitchen_sink": {
    "criteria": {
      "has_bucket": "2024-08-21 00:56:59 +0000"
    },
    "done": true
  },
  "mcwfences:recipes/acacia": {
    "criteria": {
      "has_acacia": "2024-07-26 16:59:56 +0000"
    },
    "done": true
  },
  "framedblocks:recipes/framed_blocks/framed_screwdriver": {
    "criteria": {
      "hasFramedBlock": "2024-07-27 11:31:42 +0000"
    },
    "done": true
  },
  "minecraft:recipes/building_blocks/birch_stairs": {
    "criteria": {
      "has_planks": "2024-08-20 23:56:00 +0000"
    },
    "done": true
  },
  "spartanweaponry:recipes/spartanweaponry.basic/wooden_dagger": {
    "criteria": {
      "has_wood": "2024-08-20 23:56:00 +0000"
    },
    "done": true
  },
  "framedblocks:recipes/framed_blocks/framed_key": {
    "criteria": {
      "hasFramedBlock": "2024-07-27 11:31:42 +0000"
    },
    "done": true
  },
  "aquaculture:recipes/aquaculture/iron_hook": {
    "criteria": {
      "has_items": "2024-07-26 16:59:56 +0000"
    },
    "done": true
  },
  "minecraft:recipes/transportation/dark_oak_boat": {
    "criteria": {
      "in_water": "2024-07-26 17:03:04 +0000"
    },
    "done": true
  },
  "framedblocks:recipes/framed_blocks/framed_pressure_plate": {
    "criteria": {
      "hasFramedBlock": "2024-07-27 11:31:42 +0000"
    },
    "done": true
  },
  "framedblocks:recipes/framed_blocks/framed_lever": {
    "criteria": {
      "hasFramedBlock": "2024-07-27 11:31:42 +0000"
    },
    "done": true
  },
  "minecraft:recipes/building_blocks/nether_brick_stairs": {
    "criteria": {
      "has_nether_bricks": "2024-08-21 00:49:39 +0000"
    },
    "done": true
  },
  "aquaculture:recipes/decorations/jungle_fish_mount": {
    "criteria": {
      "has_items": "2024-07-26 16:59:56 +0000"
    },
    "done": true
  },
  "minecraft:recipes/redstone/birch_trapdoor": {
    "criteria": {
      "has_planks": "2024-08-20 23:56:00 +0000"
    },
    "done": true
  },
  "cfm:recipes/cfm/yellow_kitchen_drawer": {
    "criteria": {
      "has_chest": "2024-08-21 00:38:30 +0000"
    },
    "done": true
  },
  "securitycraft:recipes/securitycraft/reinforced_white_stained_glass": {
    "criteria": {
      "has_glass": "2024-08-21 01:49:56 +0000"
    },
    "done": true
  },
  "framedblocks:recipes/framed_blocks/framed_prism": {
    "criteria": {
      "hasFramedSlope": "2024-07-27 11:31:10 +0000"
    },
    "done": true
  },
  "betteranimalsplus:bad_fox": {
    "criteria": {
      "no_bam": "2024-07-26 17:00:10 +0000"
    },
    "done": false
  },
  "framedblocks:recipes/framed_blocks/framed_fancy_rail": {
    "criteria": {
      "hasFramedBlock": "2024-07-27 11:31:42 +0000"
    },
    "done": true
  },
  "spartanweaponry:recipes/spartanweaponry.basic/wooden_battle_hammer": {
    "criteria": {
      "has_wood": "2024-08-20 23:56:00 +0000"
    },
    "done": true
  },
  "cfm:recipes/cfm/stripped_jungle_kitchen_sink_light": {
    "criteria": {
      "has_bucket": "2024-08-21 00:56:59 +0000"
    },
    "done": true
  },
  "cfm:recipes/cfm/oak_kitchen_sink_light": {
    "criteria": {
      "has_bucket": "2024-08-21 00:56:59 +0000"
    },
    "done": true
  },
  "spartanweaponry:recipes/spartanweaponry.basic/wooden_halberd": {
    "criteria": {
      "has_wood": "2024-08-20 23:56:00 +0000"
    },
    "done": true
  },
  "cfm:recipes/cfm/fridge_light": {
    "criteria": {
      "has_chest": "2024-08-21 00:38:29 +0000"
    },
    "done": true
  },
  "DataVersion": 2975
}