{
  "framedblocks:recipes/framed_blocks/framed_prism_corner": {
    "criteria": {
      "hasFramedSlope": "2024-07-27 11:31:10 +0000"
    },
    "done": true
  },
  "minecraft:recipes/building_blocks/quartz_pillar": {
    "criteria": {
      "has_quartz_pillar": "2024-07-26 17:05:33 +0000"
    },
    "done": true
  },
  "framedblocks:recipes/framed_blocks/framed_secret_storage": {
    "criteria": {
      "hasFramedBlock": "2024-07-27 11:31:42 +0000"
    },
    "done": true
  },
  "mcwfences:recipes/deepslate": {
    "criteria": {
      "has_deepslate": "2024-07-26 16:59:56 +0000"
    },
    "done": true
  },
  "aquaculture:recipes/aquaculture/note_hook": {
    "criteria": {
      "has_items": "2024-07-26 16:59:56 +0000"
    },
    "done": true
  },
  "aquaculture:recipes/misc/tin_can_to_iron_nugget_from_blasting": {
    "criteria": {
      "has_items": "2024-07-26 16:59:56 +0000"
    },
    "done": true
  },
  "naturescompass:natures_compass": {
    "criteria": {
      "has_compass": "2024-07-26 16:59:56 +0000"
    },
    "done": true
  },
  "tconstruct:tools/materials_and_you": {
    "criteria": {
      "crafted_book": "2024-07-26 16:59:57 +0000"
    },
    "done": true
  },
  "tconstruct:internal/starting_book": {
    "criteria": {
      "tick": "2024-07-26 16:59:57 +0000"
    },
    "done": true
  },
  "aquaculture:recipes/food/cooked_frog_legs": {
    "criteria": {
      "has_items": "2024-07-26 16:59:56 +0000"
    },
    "done": true
  },
  "biomesoplenty:recipes/transportation/umbran_boat": {
    "criteria": {
      "in_water": "2024-07-26 17:03:04 +0000"
    },
    "done": true
  },
  "framedblocks:recipes/framed_blocks/framed_hammer": {
    "criteria": {
      "hasFramedBlock": "2024-07-27 11:31:42 +0000"
    },
    "done": true
  },
  "biomesoplenty:recipes/transportation/willow_boat": {
    "criteria": {
      "in_water": "2024-07-26 17:03:04 +0000"
    },
    "done": true
  },
  "biomesoplenty:recipes/transportation/palm_boat": {
    "criteria": {
      "in_water": "2024-07-26 17:03:04 +0000"
    },
    "done": true
  },
  "framedblocks:recipes/framed_blocks/framed_corner_pillar": {
    "criteria": {
      "hasFramedBlock": "2024-07-27 11:31:42 +0000"
    },
    "done": true
  },
  "mcwfences:recipes/sandstone": {
    "criteria": {
      "has_sand": "2024-07-26 16:59:56 +0000"
    },
    "done": true
  },
  "aquaculture:recipes/aquaculture/redstone_hook": {
    "criteria": {
      "has_items": "2024-07-26 16:59:57 +0000"
    },
    "done": true
  },
  "biomesoplenty:recipes/transportation/redwood_boat": {
    "criteria": {
      "in_water": "2024-07-26 17:03:04 +0000"
    },
    "done": true
  },
  "biomesoplenty:recipes/transportation/mahogany_boat": {
    "criteria": {
      "in_water": "2024-07-26 17:03:04 +0000"
    },
    "done": true
  },
  "iceandfire:iceandfire/root": {
    "criteria": {
      "tick": "2024-07-26 16:59:57 +0000"
    },
    "done": true
  },
  "aquaculture:recipes/food/cooked_fish_fillet": {
    "criteria": {
      "has_items": "2024-07-26 16:59:56 +0000"
    },
    "done": true
  },
  "framedblocks:recipes/framed_blocks/framed_double_slope": {
    "criteria": {
      "hasFramedSlope": "2024-07-27 11:31:10 +0000"
    },
    "done": true
  },
  "minecraft:recipes/decorations/chest": {
    "criteria": {
      "has_lots_of_items": "2024-07-26 17:10:38 +0000"
    },
    "done": true
  },
  "framedblocks:recipes/framed_blocks/framed_fancy_powered_rail": {
    "criteria": {
      "hasFramedBlock": "2024-07-27 11:31:42 +0000"
    },
    "done": true
  },
  "framedblocks:recipes/framed_blocks/framed_slope_panel": {
    "criteria": {
      "hasFramedSlope": "2024-07-27 11:31:10 +0000"
    },
    "done": true
  },
  "minecraft:recipes/building_blocks/quartz_slab": {
    "criteria": {
      "has_quartz_pillar": "2024-07-26 17:05:33 +0000"
    },
    "done": true
  },
  "framedblocks:recipes/framed_blocks/framed_flower_pot": {
    "criteria": {
      "hasFramedBlock": "2024-07-27 11:31:42 +0000"
    },
    "done": true
  },
  "framedblocks:recipes/framed_blocks/framed_fancy_detector_rail": {
    "criteria": {
      "hasFramedBlock": "2024-07-27 11:31:42 +0000"
    },
    "done": true
  },
  "framedblocks:recipes/framed_blocks/framed_redstone_torch": {
    "criteria": {
      "hasFramedBlock": "2024-07-27 11:31:42 +0000"
    },
    "done": true
  },
  "aquaculture:recipes/tools/golden_fishing_rod": {
    "criteria": {
      "has_vanilla_rod": "2024-07-26 16:59:56 +0000"
    },
    "done": true
  },
  "framedblocks:recipes/framed_blocks/framed_wrench": {
    "criteria": {
      "hasFramedBlock": "2024-07-27 11:31:42 +0000"
    },
    "done": true
  },
  "mcwfences:recipes/stone": {
    "criteria": {
      "has_stone": "2024-07-26 16:59:56 +0000"
    },
    "done": true
  },
  "aquaculture:recipes/food/cooked_fish_fillet_from_campfire": {
    "criteria": {
      "has_items": "2024-07-26 16:59:56 +0000"
    },
    "done": true
  },
  "moguns:crayfish/root": {
    "criteria": {
      "tick": "2024-07-26 16:59:57 +0000"
    },
    "done": true
  },
  "explorerscompass:explorers_compass_cobweb": {
    "criteria": {
      "has_recipe": "2024-07-26 16:59:56 +0000",
      "has_cobweb": "2024-07-26 16:59:56 +0000"
    },
    "done": true
  },
  "biomesoplenty:recipes/transportation/dead_boat": {
    "criteria": {
      "in_water": "2024-07-26 17:03:04 +0000"
    },
    "done": true
  },
  "mcwfences:recipes/warped": {
    "criteria": {
      "has_warped": "2024-07-26 16:59:56 +0000"
    },
    "done": true
  },
  "framedblocks:recipes/framed_blocks/framed_rail_slope": {
    "criteria": {
      "hasFramedSlope": "2024-07-27 11:31:10 +0000"
    },
    "done": true
  },
  "mowziesmobs:root": {
    "criteria": {
      "custom_test_name": "2024-07-26 16:59:57 +0000"
    },
    "done": true
  },
  "aquaculture:recipes/aquaculture/gold_hook": {
    "criteria": {
      "has_items": "2024-07-26 16:59:56 +0000"
    },
    "done": true
  },
  "minecraft:recipes/transportation/spruce_boat": {
    "criteria": {
      "in_water": "2024-07-26 17:03:04 +0000"
    },
    "done": true
  },
  "framedblocks:recipes/framed_blocks/framed_fence": {
    "criteria": {
      "hasFramedBlock": "2024-07-27 11:31:42 +0000"
    },
    "done": true
  },
  "framedblocks:recipes/framed_blocks/framed_slab": {
    "criteria": {
      "hasFramedBlock": "2024-07-27 11:31:42 +0000"
    },
    "done": true
  },
  "framedblocks:recipes/framed_blocks/framed_target": {
    "criteria": {
      "hasFramedCube": "2024-07-27 11:31:42 +0000"
    },
    "done": true
  },
  "framedblocks:recipes/framed_blocks/framed_fancy_activator_rail": {
    "criteria": {
      "hasFramedBlock": "2024-07-27 11:31:42 +0000"
    },
    "done": true
  },
  "mcwfences:recipes/jungle": {
    "criteria": {
      "has_jungle": "2024-07-26 16:59:56 +0000"
    },
    "done": true
  },
  "minecraft:recipes/building_blocks/smooth_quartz_slab_from_smooth_quartz_stonecutting": {
    "criteria": {
      "has_smooth_quartz": "2024-07-26 17:05:39 +0000"
    },
    "done": true
  },
  "minecraft:recipes/building_blocks/quartz_stairs_from_quartz_block_stonecutting": {
    "criteria": {
      "has_quartz_block": "2024-07-27 10:52:54 +0000"
    },
    "done": true
  },
  "framedblocks:recipes/framed_blocks/framed_iron_pressure_plate": {
    "criteria": {
      "hasFramedBlock": "2024-07-27 11:31:42 +0000"
    },
    "done": true
  },
  "tombstone:adventure/root": {
    "criteria": {
      "auto": "2024-07-26 16:59:57 +0000"
    },
    "done": true
  },
  "cataclysm:root": {
    "criteria": {
      "custom_test_name": "2024-07-26 16:59:57 +0000"
    },
    "done": true
  },
  "framedblocks:recipes/framed_blocks/framed_corner_slope": {
    "criteria": {
      "hasFramedSlope": "2024-07-27 11:31:10 +0000"
    },
    "done": true
  },
  "aquaculture:recipes/food/cooked_frog_legs_from_smoking": {
    "criteria": {
      "has_items": "2024-07-26 16:59:56 +0000"
    },
    "done": true
  },
  "mcwfences:recipes/oak": {
    "criteria": {
      "has_oak": "2024-07-26 16:59:56 +0000"
    },
    "done": true
  },
  "mcwfences:recipes/spruce": {
    "criteria": {
      "has_spruce": "2024-07-26 16:59:56 +0000"
    },
    "done": true
  },
  "mcwfences:recipes/hedge": {
    "criteria": {
      "has_birch": "2024-07-26 16:59:56 +0000"
    },
    "done": true
  },
  "mcwfences:recipes/end": {
    "criteria": {
      "has_end_brick": "2024-07-26 16:59:56 +0000"
    },
    "done": true
  },
  "mcwfences:recipes/birch": {
    "criteria": {
      "has_birch": "2024-07-26 16:59:56 +0000"
    },
    "done": true
  },
  "framedblocks:recipes/framed_blocks/framed_inner_prism": {
    "criteria": {
      "hasFramedSlope": "2024-07-27 11:31:10 +0000"
    },
    "done": true
  },
  "aquaculture:recipes/misc/neptunium_ingot_from_nuggets": {
    "criteria": {
      "has_items": "2024-07-26 16:59:56 +0000"
    },
    "done": true
  },
  "framedblocks:recipes/framed_blocks/framed_lattice_block": {
    "criteria": {
      "hasFramedBlock": "2024-07-27 11:31:42 +0000"
    },
    "done": true
  },
  "minecraft:recipes/building_blocks/quartz_slab_from_stonecutting": {
    "criteria": {
      "has_quartz_block": "2024-07-27 10:52:54 +0000"
    },
    "done": true
  },
  "framedblocks:recipes/framed_blocks/framed_glowing_cube": {
    "criteria": {
      "hasFramedCube": "2024-07-27 11:31:42 +0000"
    },
    "done": true
  },
  "aquaculture:recipes/aquaculture/diamond_hook": {
    "criteria": {
      "has_items": "2024-07-26 16:59:56 +0000"
    },
    "done": true
  },
  "minecraft:recipes/building_blocks/chiseled_quartz_block": {
    "criteria": {
      "has_quartz_pillar": "2024-07-26 17:05:33 +0000"
    },
    "done": true
  },
  "aquaculture:recipes/food/cooked_frog_legs_from_campfire": {
    "criteria": {
      "has_items": "2024-07-26 16:59:56 +0000"
    },
    "done": true
  },
  "biomesoplenty:biomesoplenty/root": {
    "criteria": {
      "clover_patch": "2024-07-26 17:04:51 +0000"
    },
    "done": true
  },
  "biomesoplenty:recipes/transportation/magic_boat": {
    "criteria": {
      "in_water": "2024-07-26 17:03:04 +0000"
    },
    "done": true
  },
  "framedblocks:recipes/framed_blocks/framed_stone_button": {
    "criteria": {
      "hasFramedBlock": "2024-07-27 11:31:42 +0000"
    },
    "done": true
  },
  "framedblocks:recipes/framed_blocks/framed_gold_pressure_plate": {
    "criteria": {
      "hasFramedBlock": "2024-07-27 11:31:42 +0000"
    },
    "done": true
  },
  "framedblocks:recipes/framed_blocks/framed_fancy_rail_slope": {
    "criteria": {
      "hasFramedSlope": "2024-07-27 11:31:10 +0000"
    },
    "done": true
  },
  "aquaculture:recipes/misc/tin_can_to_iron_nugget": {
    "criteria": {
      "has_items": "2024-07-26 16:59:56 +0000"
    },
    "done": true
  },
  "aquaculture:recipes/misc/gold_nugget_from_gold_fish": {
    "criteria": {
      "has_items": "2024-07-26 16:59:56 +0000"
    },
    "done": true
  },
  "aquaculture:recipes/food/frog_legs": {
    "criteria": {
      "has_items": "2024-07-26 16:59:57 +0000"
    },
    "done": true
  },
  "naturescompass:natures_compass_sapling": {
    "criteria": {
      "has_recipe": "2024-07-26 16:59:56 +0000"
    },
    "done": true
  },
  "minecraft:recipes/building_blocks/smooth_quartz_stairs": {
    "criteria": {
      "has_smooth_quartz": "2024-07-26 17:05:39 +0000"
    },
    "done": true
  },
  "aquaculture:recipes/misc/gold_nugget_from_smelting": {
    "criteria": {
      "has_fishing_rod": "2024-07-26 16:59:56 +0000",
      "has_fillet_knife": "2024-07-26 16:59:56 +0000"
    },
    "done": true
  },
  "framedblocks:recipes/framed_blocks/framed_slope": {
    "criteria": {
      "hasFramedBlock": "2024-07-27 11:31:42 +0000"
    },
    "done": true
  },
  "aquaculture:recipes/aquaculture/worm_farm": {
    "criteria": {
      "has_items": "2024-07-26 16:59:56 +0000"
    },
    "done": true
  },
  "biomesoplenty:recipes/transportation/cherry_boat": {
    "criteria": {
      "in_water": "2024-07-26 17:03:04 +0000"
    },
    "done": true
  },
  "aquaculture:recipes/food/cooked_fish_fillet_from_smoking": {
    "criteria": {
      "has_items": "2024-07-26 16:59:56 +0000"
    },
    "done": true
  },
  "framedblocks:recipes/framed_blocks/framed_half_slope": {
    "criteria": {
      "hasFramedSlope": "2024-07-27 11:31:10 +0000"
    },
    "done": true
  },
  "framedblocks:recipes/framed_blocks/framed_reinforcement": {
    "criteria": {
      "hasFramedBlock": "2024-07-27 11:31:42 +0000"
    },
    "done": true
  },
  "framedblocks:recipes/framed_blocks/framed_vertical_stairs": {
    "criteria": {
      "hasFramedBlock": "2024-07-27 11:31:42 +0000"
    },
    "done": true
  },
  "biomesoplenty:recipes/transportation/fir_boat": {
    "criteria": {
      "in_water": "2024-07-26 17:03:04 +0000"
    },
    "done": true
  },
  "framedblocks:recipes/framed_blocks/framed_detector_rail_slope": {
    "criteria": {
      "hasFramedSlope": "2024-07-27 11:31:10 +0000"
    },
    "done": true
  },
  "framedblocks:recipes/framed_blocks/framed_ladder": {
    "criteria": {
      "hasFramedBlock": "2024-07-27 11:31:42 +0000"
    },
    "done": true
  },
  "aquaculture:recipes/food/sushi": {
    "criteria": {
      "has_alt_items": "2024-07-26 16:59:56 +0000",
      "has_items": "2024-07-26 16:59:56 +0000"
    },
    "done": true
  },
  "betterdungeons:root": {
    "criteria": {
      "always": "2024-07-26 16:59:57 +0000"
    },
    "done": true
  },
  "framedblocks:recipes/framed_blocks/framed_inner_threeway_corner": {
    "criteria": {
      "hasFramedSlope": "2024-07-27 11:31:10 +0000"
    },
    "done": true
  },
  "framedblocks:recipes/framed_blocks/framed_button": {
    "criteria": {
      "hasFramedBlock": "2024-07-27 11:31:42 +0000"
    },
    "done": true
  },
  "aquaculture:recipes/decorations/spruce_fish_mount": {
    "criteria": {
      "has_items": "2024-07-26 16:59:56 +0000"
    },
    "done": true
  },
  "explorerscompass:explorers_compass_cracked_stone_bricks": {
    "criteria": {
      "has_recipe": "2024-07-26 16:59:56 +0000",
      "has_cracked_stone_bricks": "2024-07-26 16:59:56 +0000"
    },
    "done": true
  },
  "aquaculture:recipes/misc/neptunium_ingot_from_neptunium_block": {
    "criteria": {
      "has_items": "2024-07-26 16:59:56 +0000"
    },
    "done": true
  },
  "framedblocks:recipes/framed_blocks/framed_gate": {
    "criteria": {
      "hasFramedBlock": "2024-07-27 11:31:42 +0000"
    },
    "done": true
  },
  "framedblocks:recipes/framed_blocks/framed_one_way_window": {
    "criteria": {
      "hasFramedBlock": "2024-07-27 11:31:42 +0000"
    },
    "done": true
  },
  "framedblocks:recipes/framed_blocks/framed_stone_pressure_plate": {
    "criteria": {
      "hasFramedBlock": "2024-07-27 11:31:42 +0000"
    },
    "done": true
  },
  "framedblocks:recipes/framed_blocks/framed_wall": {
    "criteria": {
      "hasFramedBlock": "2024-07-27 11:31:42 +0000"
    },
    "done": true
  },
  "framedblocks:recipes/framed_blocks/framed_fancy_activator_rail_slope": {
    "criteria": {
      "hasFramedSlope": "2024-07-27 11:31:10 +0000"
    },
    "done": true
  },
  "framedblocks:recipes/framed_blocks/framed_threeway_corner": {
    "criteria": {
      "hasFramedSlope": "2024-07-27 11:31:10 +0000"
    },
    "done": true
  },
  "byg:root": {
    "criteria": {
      "tick": "2024-07-26 16:59:57 +0000"
    },
    "done": true
  },
  "framedblocks:recipes/framed_blocks/framed_door": {
    "criteria": {
      "hasFramedBlock": "2024-07-27 11:31:42 +0000"
    },
    "done": true
  },
  "aquaculture:recipes/aquaculture/light_hook": {
    "criteria": {
      "has_items": "2024-07-26 16:59:56 +0000"
    },
    "done": true
  },
  "framedblocks:recipes/framed_blocks/framed_obsidian_pressure_plate": {
    "criteria": {
      "hasFramedBlock": "2024-07-27 11:31:42 +0000"
    },
    "done": true
  },
  "aquaculture:recipes/misc/iron_nugget_from_smelting": {
    "criteria": {
      "has_fishing_rod": "2024-07-26 16:59:56 +0000",
      "has_fillet_knife": "2024-07-26 16:59:56 +0000"
    },
    "done": true
  },
  "aquaculture:recipes/decorations/oak_fish_mount": {
    "criteria": {
      "has_items": "2024-07-26 16:59:56 +0000"
    },
    "done": true
  },
  "mcwfences:recipes/blackstone": {
    "criteria": {
      "has_blackstone": "2024-07-26 16:59:57 +0000"
    },
    "done": true
  },
  "biomesoplenty:biomesoplenty/all_biomes": {
    "criteria": {
      "clover_patch": "2024-07-26 17:04:51 +0000",
      "grassland": "2024-07-26 17:04:54 +0000"
    },
    "done": false
  },
  "biomesoplenty:recipes/transportation/hellbark_boat": {
    "criteria": {
      "in_water": "2024-07-26 17:03:04 +0000"
    },
    "done": true
  },
  "moguns:weapons/root": {
    "criteria": {
      "tick": "2024-07-26 16:59:57 +0000"
    },
    "done": true
  },
  "aquaculture:recipes/decorations/dark_oak_fish_mount": {
    "criteria": {
      "has_items": "2024-07-26 16:59:56 +0000"
    },
    "done": true
  },
  "minecraft:recipes/building_blocks/smooth_quartz_stairs_from_smooth_quartz_stonecutting": {
    "criteria": {
      "has_smooth_quartz": "2024-07-26 17:05:39 +0000"
    },
    "done": true
  },
  "framedblocks:recipes/framed_blocks/framed_redstone_block": {
    "criteria": {
      "hasFramedBlock": "2024-07-27 11:31:42 +0000"
    },
    "done": true
  },
  "minecraft:adventure/adventuring_time": {
    "criteria": {
      "minecraft:old_growth_birch_forest": "2024-07-26 16:59:57 +0000"
    },
    "done": false
  },
  "framedblocks:recipes/framed_blocks/framed_fancy_powered_rail_slope": {
    "criteria": {
      "hasFramedSlope": "2024-07-27 11:31:10 +0000"
    },
    "done": true
  },
  "framedblocks:recipes/framed_blocks/framed_panel": {
    "criteria": {
      "hasFramedBlock": "2024-07-27 11:31:42 +0000"
    },
    "done": true
  },
  "aquaculture:recipes/misc/jellyfish_to_slimeball": {
    "criteria": {
      "has_items": "2024-07-26 16:59:56 +0000"
    },
    "done": true
  },
  "framedblocks:recipes/framed_blocks/framed_inner_corner_slope": {
    "criteria": {
      "hasFramedSlope": "2024-07-27 11:31:10 +0000"
    },
    "done": true
  },
  "mcwfences:recipes/nether": {
    "criteria": {
      "has_nether_brick": "2024-07-26 16:59:56 +0000"
    },
    "done": true
  },
  "minecraft:recipes/transportation/birch_boat": {
    "criteria": {
      "in_water": "2024-07-26 17:03:04 +0000"
    },
    "done": true
  },
  "framedblocks:recipes/framed_blocks/framed_stairs": {
    "criteria": {
      "hasFramedBlock": "2024-07-27 11:31:42 +0000"
    },
    "done": true
  },
  "minecraft:recipes/building_blocks/quartz_stairs": {
    "criteria": {
      "has_quartz_pillar": "2024-07-26 17:05:33 +0000"
    },
    "done": true
  },
  "minecraft:recipes/transportation/acacia_boat": {
    "criteria": {
      "in_water": "2024-07-26 17:03:04 +0000"
    },
    "done": true
  },
  "aquaculture:recipes/tools/diamond_fishing_rod": {
    "criteria": {
      "has_vanilla_rod": "2024-07-26 16:59:56 +0000"
    },
    "done": true
  },
  "aquaculture:recipes/misc/red_mushroom_from_fish": {
    "criteria": {
      "has_items": "2024-07-26 16:59:56 +0000"
    },
    "done": true
  },
  "mcwfences:recipes/crimson": {
    "criteria": {
      "has_crimson": "2024-07-26 16:59:56 +0000"
    },
    "done": true
  },
  "aquaculture:recipes/tools/iron_fishing_rod": {
    "criteria": {
      "has_vanilla_rod": "2024-07-26 16:59:56 +0000"
    },
    "done": true
  },
  "betteranimalsplus:root": {
    "criteria": {
      "tick": "2024-07-26 16:59:57 +0000"
    },
    "done": true
  },
  "minecraft:recipes/building_blocks/smooth_quartz_slab": {
    "criteria": {
      "has_smooth_quartz": "2024-07-26 17:05:39 +0000"
    },
    "done": true
  },
  "minecraft:recipes/building_blocks/quartz_bricks": {
    "criteria": {
      "has_quartz_block": "2024-07-27 10:52:54 +0000"
    },
    "done": true
  },
  "framedblocks:recipes/framed_blocks/framed_blueprint": {
    "criteria": {
      "hasFramedBlock": "2024-07-27 11:31:42 +0000"
    },
    "done": true
  },
  "framedblocks:recipes/framed_blocks/framed_sign": {
    "criteria": {
      "hasFramedBlock": "2024-07-27 11:31:42 +0000"
    },
    "done": true
  },
  "explorerscompass:explorers_compass": {
    "criteria": {
      "has_compass": "2024-07-26 16:59:56 +0000"
    },
    "done": true
  },
  "ironfurnaces:coal": {
    "criteria": {
      "rainbowcoal": "2024-07-26 16:59:56 +0000"
    },
    "done": true
  },
  "mcwfences:recipes/prismarine": {
    "criteria": {
      "has_qq": "2024-07-26 16:59:56 +0000"
    },
    "done": true
  },
  "aquaculture:recipes/misc/bonemeal_from_fish_bones": {
    "criteria": {
      "has_items": "2024-07-26 16:59:56 +0000"
    },
    "done": true
  },
  "mcwfences:recipes/bamboo": {
    "criteria": {
      "has_bamboo": "2024-07-26 16:59:56 +0000"
    },
    "done": true
  },
  "minecraft:recipes/transportation/jungle_boat": {
    "criteria": {
      "in_water": "2024-07-26 17:03:04 +0000"
    },
    "done": true
  },
  "aquaculture:recipes/decorations/acacia_fish_mount": {
    "criteria": {
      "has_items": "2024-07-26 16:59:56 +0000"
    },
    "done": true
  },
  "framedblocks:recipes/framed_blocks/framed_bars": {
    "criteria": {
      "hasFramedBlock": "2024-07-27 11:31:42 +0000"
    },
    "done": true
  },
  "aquaculture:recipes/misc/gold_nugget_from_blasting": {
    "criteria": {
      "has_fishing_rod": "2024-07-26 16:59:56 +0000",
      "has_fillet_knife": "2024-07-26 16:59:56 +0000"
    },
    "done": true
  },
  "mcwfences:recipes/acacia": {
    "criteria": {
      "has_acacia": "2024-07-26 16:59:56 +0000"
    },
    "done": true
  },
  "aquaculture:recipes/misc/brown_mushroom_from_fish": {
    "criteria": {
      "has_items": "2024-07-26 16:59:56 +0000"
    },
    "done": true
  },
  "framedblocks:recipes/framed_blocks/framed_screwdriver": {
    "criteria": {
      "hasFramedBlock": "2024-07-27 11:31:42 +0000"
    },
    "done": true
  },
  "farmersdelight:main/root": {
    "criteria": {
      "seeds": "2024-07-26 16:59:56 +0000"
    },
    "done": true
  },
  "aquaculture:recipes/aquaculture/heavy_hook": {
    "criteria": {
      "has_items": "2024-07-26 16:59:56 +0000"
    },
    "done": true
  },
  "framedblocks:recipes/framed_blocks/framed_key": {
    "criteria": {
      "hasFramedBlock": "2024-07-27 11:31:42 +0000"
    },
    "done": true
  },
  "aquaculture:recipes/aquaculture/iron_hook": {
    "criteria": {
      "has_items": "2024-07-26 16:59:56 +0000"
    },
    "done": true
  },
  "framedblocks:recipes/framed_blocks/framed_fancy_detector_rail_slope": {
    "criteria": {
      "hasFramedSlope": "2024-07-27 11:31:10 +0000"
    },
    "done": true
  },
  "framedblocks:recipes/framed_blocks/framed_slope_slab": {
    "criteria": {
      "hasFramedSlope": "2024-07-27 11:31:10 +0000"
    },
    "done": true
  },
  "minecraft:recipes/transportation/dark_oak_boat": {
    "criteria": {
      "in_water": "2024-07-26 17:03:04 +0000"
    },
    "done": true
  },
  "aquaculture:recipes/misc/iron_nugget_from_blasting": {
    "criteria": {
      "has_fishing_rod": "2024-07-26 16:59:57 +0000",
      "has_fillet_knife": "2024-07-26 16:59:57 +0000"
    },
    "done": true
  },
  "framedblocks:recipes/framed_blocks/framed_pressure_plate": {
    "criteria": {
      "hasFramedBlock": "2024-07-27 11:31:42 +0000"
    },
    "done": true
  },
  "mcwfences:recipes/quartz": {
    "criteria": {
      "has_qq": "2024-07-26 16:59:56 +0000"
    },
    "done": true
  },
  "aquaculture:recipes/building_blocks/planks_from_driftwood": {
    "criteria": {
      "has_items": "2024-07-26 16:59:56 +0000"
    },
    "done": true
  },
  "minecraft:recipes/building_blocks/quartz_bricks_from_quartz_block_stonecutting": {
    "criteria": {
      "has_quartz_block": "2024-07-27 10:52:54 +0000"
    },
    "done": true
  },
  "minecraft:recipes/building_blocks/chiseled_quartz_block_from_quartz_block_stonecutting": {
    "criteria": {
      "has_quartz_block": "2024-07-27 10:52:54 +0000"
    },
    "done": true
  },
  "framedblocks:recipes/framed_blocks/framed_lever": {
    "criteria": {
      "hasFramedBlock": "2024-07-27 11:31:42 +0000"
    },
    "done": true
  },
  "aquaculture:recipes/aquaculture/double_hook": {
    "criteria": {
      "has_items": "2024-07-26 16:59:56 +0000"
    },
    "done": true
  },
  "aquaculture:recipes/decorations/jungle_fish_mount": {
    "criteria": {
      "has_items": "2024-07-26 16:59:56 +0000"
    },
    "done": true
  },
  "dungeons_arise:wda_root": {
    "criteria": {
      "WDA": "2024-07-26 16:59:57 +0000"
    },
    "done": true
  },
  "framedblocks:recipes/framed_blocks/framed_torch": {
    "criteria": {
      "hasFramedBlock": "2024-07-27 11:31:42 +0000"
    },
    "done": true
  },
  "framedblocks:recipes/framed_blocks/framed_chest": {
    "criteria": {
      "hasFramedBlock": "2024-07-27 11:31:42 +0000"
    },
    "done": true
  },
  "mcwfences:recipes/dark_oak": {
    "criteria": {
      "has_dark_oak": "2024-07-26 16:59:56 +0000"
    },
    "done": true
  },
  "biomesoplenty:recipes/transportation/jacaranda_boat": {
    "criteria": {
      "in_water": "2024-07-26 17:03:04 +0000"
    },
    "done": true
  },
  "framedblocks:recipes/framed_blocks/framed_prism": {
    "criteria": {
      "hasFramedSlope": "2024-07-27 11:31:10 +0000"
    },
    "done": true
  },
  "framedblocks:recipes/framed_blocks/framed_soul_torch": {
    "criteria": {
      "hasFramedBlock": "2024-07-27 11:31:42 +0000"
    },
    "done": true
  },
  "framedblocks:recipes/framed_blocks/framed_activator_rail_slope": {
    "criteria": {
      "hasFramedSlope": "2024-07-27 11:31:10 +0000"
    },
    "done": true
  },
  "framedblocks:recipes/framed_blocks/framed_pyramid_slab": {
    "criteria": {
      "hasFramedSlope": "2024-07-27 11:31:10 +0000"
    },
    "done": true
  },
  "betteranimalsplus:bad_fox": {
    "criteria": {
      "no_bam": "2024-07-26 17:00:10 +0000"
    },
    "done": false
  },
  "minecraft:recipes/building_blocks/quartz_pillar_from_quartz_block_stonecutting": {
    "criteria": {
      "has_quartz_block": "2024-07-27 10:52:54 +0000"
    },
    "done": true
  },
  "create:root": {
    "criteria": {
      "0": "2024-07-26 16:59:56 +0000"
    },
    "done": true
  },
  "aquaculture:recipes/decorations/birch_fish_mount": {
    "criteria": {
      "has_items": "2024-07-26 16:59:56 +0000"
    },
    "done": true
  },
  "framedblocks:recipes/framed_blocks/framed_fancy_rail": {
    "criteria": {
      "hasFramedBlock": "2024-07-27 11:31:42 +0000"
    },
    "done": true
  },
  "naturescompass:natures_compass_log": {
    "criteria": {
      "has_recipe": "2024-07-26 16:59:56 +0000"
    },
    "done": true
  },
  "orcz:orczchallenge": {
    "criteria": {
      "orczchallenge": "2024-07-26 16:59:57 +0000"
    },
    "done": true
  },
  "minecraft:recipes/building_blocks/smooth_quartz": {
    "criteria": {
      "has_quartz_block": "2024-07-27 10:52:54 +0000"
    },
    "done": true
  },
  "aquaculture:recipes/aquaculture/bobber": {
    "criteria": {
      "has_items": "2024-07-26 16:59:56 +0000"
    },
    "done": true
  },
  "framedblocks:recipes/framed_blocks/framed_powered_rail_slope": {
    "criteria": {
      "hasFramedSlope": "2024-07-27 11:31:10 +0000"
    },
    "done": true
  },
  "framedblocks:recipes/framed_blocks/framed_pane": {
    "criteria": {
      "hasFramedBlock": "2024-07-27 11:31:42 +0000"
    },
    "done": true
  },
  "framedblocks:recipes/framed_blocks/framed_inner_prism_corner": {
    "criteria": {
      "hasFramedSlope": "2024-07-27 11:31:10 +0000"
    },
    "done": true
  },
  "byg:biomepedia_gift": {
    "criteria": {
      "tick": "2024-07-26 16:59:57 +0000"
    },
    "done": true
  },
  "aquaculture:recipes/aquaculture/fishing_line": {
    "criteria": {
      "has_items": "2024-07-26 16:59:56 +0000"
    },
    "done": true
  },
  "minecraft:recipes/transportation/oak_boat": {
    "criteria": {
      "in_water": "2024-07-26 17:03:04 +0000"
    },
    "done": true
  },
  "aquaculture:recipes/misc/neptinium_ingot_from_blasting": {
    "criteria": {
      "has_leggings": "2024-07-26 16:59:56 +0000",
      "has_axe": "2024-07-26 16:59:56 +0000",
      "has_helmet": "2024-07-26 16:59:56 +0000",
      "has_fishing_rod": "2024-07-26 16:59:57 +0000",
      "has_bow": "2024-07-26 16:59:56 +0000",
      "has_chestplate": "2024-07-26 16:59:57 +0000",
      "has_sword": "2024-07-26 16:59:57 +0000",
      "has_fillet_knife": "2024-07-26 16:59:56 +0000",
      "has_shovel": "2024-07-26 16:59:57 +0000",
      "has_hoe": "2024-07-26 16:59:56 +0000",
      "has_boots": "2024-07-26 16:59:56 +0000",
      "has_pickaxe": "2024-07-26 16:59:57 +0000"
    },
    "done": true
  },
  "framedblocks:recipes/framed_blocks/framed_collapsible_block": {
    "criteria": {
      "hasFramedBlock": "2024-07-27 11:31:42 +0000"
    },
    "done": true
  },
  "framedblocks:recipes/framed_blocks/framed_item_frame": {
    "criteria": {
      "hasFramedCube": "2024-07-27 11:31:42 +0000"
    },
    "done": true
  },
  "whisperwoods:recipes/whisperwoods/hand_of_fate": {
    "criteria": {
      "has_blaze_powder": "2024-07-26 16:59:56 +0000"
    },
    "done": true
  },
  "framedblocks:recipes/framed_blocks/framed_bouncy_cube": {
    "criteria": {
      "hasFramedBlock": "2024-07-27 11:31:42 +0000"
    },
    "done": true
  },
  "framedblocks:recipes/framed_blocks/framing_saw": {
    "criteria": {
      "hasFramedBlock": "2024-07-27 11:31:42 +0000"
    },
    "done": true
  },
  "DataVersion": 2975
}