[
  {
    "uuid": "b6076fe0-f59c-4703-9fbe-5eb67dd5adcc",
    "displayName": {
      "insertion": "_Storm10_",
      "clickEvent": {
        "action": "suggest_command",
        "value": "/tell _Storm10_ "
      },
      "hoverEvent": {
        "action": "show_entity",
        "contents": {
          "type": "minecraft:player",
          "id": "b6076fe0-f59c-4703-9fbe-5eb67dd5adcc",
          "name": {
            "text": "_Storm10_"
          }
        }
      },
      "extra": [
        {
          "text": "_Storm10_"
        }
      ],
      "text": ""
    },
    "animation": "null"
  }
]